smiles,charge_diff,tpsa,rotatable_bonds,num_rings
CCOC1(C=O)CN1O,0.5886576769822531,49.540000000000006,5.0,1.0
CCC=CCOC=NC,0.6485516863843563,21.59,5.0,0.0
C=1N[NH1]C=1.OCCCCOCC2C=C2,0.5833536704917575,61.04,7.0,2.0
C1C=NN=CC1=O.O=CCC=CC=C=O,0.48364539349868885,75.93,3.0,1.0
CCC1(CC)NO1,0.43558641302956524,34.47,4.0,1.0
CN(CN)COC(N)=O,0.8388135846402534,81.57999999999998,5.0,0.0
CC1CCC(N1)CN,0.4517137397394791,38.05,3.0,1.0
CC1C2CN2C1C=O.CC=NCC3CC3C(O4)C4,0.5097789017603827,44.97,6.0,4.0
C1=C([NH1]C(=N1)N)CCO,0.6060253388378608,74.93,4.0,1.0
C=CN=CCCC(C)NCOCO.N=COCCNCCO,0.6954518892413477,119.19000000000001,16.0,0.0
NC#CC=CC(C)C.CC=O,0.4703011751018875,43.09,4.0,0.0
CCC(OC#N)C,0.710588601693239,33.019999999999996,4.0,0.0
CC1NC1C(=O)CC=O,0.4607921555149102,56.080000000000005,4.0,1.0
CCC1N=CC=NC1N,0.428496032729608,50.739999999999995,3.0,1.0
CC(C1)N1CN.CC=O,0.42336103320255875,46.1,4.0,1.0
CCC1CCN(N)C1=O,0.5195908691382981,46.33,3.0,1.0
O=C1CC(O)N=C2OC12.O=CNN=NC=C,0.5140701347911795,116.00999999999999,3.0,2.0
C1(O)=C=NC1CO2.COC(=O)C(=N)C2,,,,
CC(=O)CCC(C)C=O,0.43246407957014993,34.14,6.0,0.0
OCC(F)C(C)N=C=O,0.6280912068221999,49.660000000000004,5.0,0.0
C1CCN=C(C)NCC.CCCC1CCOCCO,,,,
CN(C=O)C1=CC=NO1.CC(C)(CCCN)C=O,0.5632769052882349,89.43,9.0,1.0
O=C1CCC1CCOC,0.5202660732554729,26.3,4.0,1.0
CC1=NC=CCO1,0.6610751694609067,21.59,1.0,1.0
O=COC1CC1CC.CCOC23CCC2OC=NO3,0.7632830582058128,66.35,6.0,3.0
CN=COCN1CN1,0.6374886190242184,46.540000000000006,3.0,1.0
OC=CNCC=O,0.8062897961963156,49.33,4.0,0.0
CC1OC2CC2NC1=N,0.5555177102433162,45.11,1.0,2.0
N=CC1CC1C(C)CN.C=C,0.29282088029899267,49.870000000000005,5.0,1.0
CN(C#N)CNCC(=O)C#N.CCC(C)N=COC=O,0.6622008441695274,118.58,9.0,0.0
CC(C)C1OOC1=O.COCCCCC2OC2OO,0.7597086520688503,86.75,11.0,2.0
CNCC1NC1C,0.44106494357636383,33.97,4.0,1.0
C1NC12COCO2,0.5088039499398402,40.400000000000006,0.0,2.0
CNC=NC1CCCCCO1,0.540028328146891,33.620000000000005,2.0,1.0
C=C1OC1C=NCCOC.CCCN=CC(=N2)C2C,0.48029199049547594,58.84,10.0,2.0
C=CN=C(O)OCC=O,0.8515359203952324,58.89000000000001,3.0,0.0
C1OC1COCNC=O,0.5790106510346655,50.86,4.0,1.0
C1NC(CC=O)N1,0.4283433702875775,41.13,2.0,1.0
COC(C1=C=N)(NO1)N,0.6672470585003336,80.36,3.0,1.0
C#CC1=CN=C(O1)OO,0.8251541547597192,55.49000000000001,2.0,1.0
CC=C(OCNC1N)N1,0.6493546730043995,59.31,2.0,1.0
C1OC=NCC1=O.CCCCC=O,0.4945203059709225,55.73,4.0,1.0
O1CC2C3C2CCC3=O.O=C1NNO,,,,
ON1C=C(C(=N1)OC)O.CCCCCCCC=O,0.6329224626910531,84.58000000000001,11.0,1.0
CC1CC1C=O.CCCOC2=NC2,0.6024987123584133,38.66,5.0,2.0
CCOC(CC=O)N,0.4868717791497476,52.32,6.0,0.0
OC1(C=O)CC1C.C.CC(O)CCCCC=O,,,,
CC12CC1=CCC2C=N3.C4=CCOC43C=O,,,,
CC1CC1C2CC=CO2.C3C(OC3)CCC4NC4,0.482419280110745,40.400000000000006,5.0,4.0
CC(=O)NC(=O)CC[NH3+1].C[NH2+1]CC1CN=CC1O,0.7308821323998118,123.01,8.0,1.0
CCC1CN1CC#N.N=CCCOOCOC,0.4423455951963116,78.34,10.0,1.0
CC=COCOC(=N)C1C=C1,0.6963078347825017,42.31,5.0,1.0
NCC1C[NH1]1.OC(CCCC(=O)C)=O,0.6038734540872993,102.33,7.0,1.0
COCCCCOC(=O)NO,0.8786548020958204,67.79,7.0,0.0
OC1C(F)C=N1.NCCCCC(O2)C2,0.5861333215584648,71.14,6.0,2.0
C=C1COC2CNC2C1,0.4936333133086973,21.259999999999998,0.0,2.0
CC1CNCCC1,0.43866852840262494,12.03,1.0,1.0
CCC(=N)C1=CO1.O=CCCCN,0.5178954527593068,79.47,7.0,1.0
O=C1CNC(=O)C1,0.5760123885572748,46.17,0.0,1.0
C=1C(=CON=1)COC=O,0.7557568047027278,52.330000000000005,2.0,1.0
CCCOC(=O)OC=O,0.9494151153878543,52.6,3.0,0.0
O=COCC.CC=O,0.5962806898074178,43.370000000000005,3.0,0.0
CC(O)C(C)=NC=C,0.5984484584577221,32.59,5.0,0.0
N1=CCN2C3=NCC3NN1C2.OC4NOCCC4=C,0.5227440382837241,84.72,1.0,4.0
CCC1NN(CN1)OC.CCC2C=COC(=O)N2C=O,0.5638234995370963,83.14,6.0,2.0
CCCCCC(=N)C,0.49683808566265336,23.85,6.0,0.0
O=C=NCCOCC=N.C,0.3120806113067046,62.51,5.0,0.0
C=C(CN)CC=O,0.45034849606806704,43.09,4.0,0.0
CCC(O)C(C1)CC1O.CNC(C)NCOC,0.5799532422291162,73.75,12.0,1.0
C1NCC=CC1=N.CC2.C2.C(=O)C#CC,,,,
N1=C(C2)N2.O=CCC(=O)NO1,,,,
O=CCCCNC,0.44160517551099265,29.1,5.0,0.0
C12C(CO1)CNC3CN3.O=C(O)CCC2=N,,,,
C1=C2[NH1]C=C1C2=O,0.5679750045026857,32.86,0.0,3.0
CC1C[C-1](N)C1NC=O,0.683147263915231,55.12,3.0,1.0
CC(=O)C1=NOC1NC,0.5967092516896028,50.69,4.0,1.0
C=C(CN)C[NH1]O,0.5642687407226104,58.28,5.0,0.0
C1=O.CCC=C=[NH1+1]1,,,,
N=COC=NNCC,0.6330816271844077,57.47,3.0,0.0
C1CC1COC=O.CC2C34CC3=C24,0.35010814233867155,26.3,3.0,4.0
N1=COCCC2N1OC2.CC=C3OCCC3=O,0.6843820711198622,60.36,1.0,3.0
CC(C=O)CCOC,0.5070450037370684,26.3,6.0,0.0
CCC1OC(=N)N1.O=COCCOC2CC2,0.7514715656721055,80.64,6.0,2.0
CCOC(C)=O,0.7682846677014075,26.3,3.0,0.0
N=CC1CCCCC1=O.C=C(O2)OC2CN,0.6103483538575577,85.4,3.0,2.0
OCCC1CC(=O)N1,0.61808854270492,49.33,3.0,1.0
C=CNOON1CN1C=O.C2C3=CCC2(O)OC3=O,0.6560872135795115,100.11,5.0,3.0
CCN(O)CCO,0.6327706285758706,43.7,6.0,0.0
CC(C=NC#N)C=O.O=CCOC=NC(C1)C1,0.6808727658075311,91.88,6.0,1.0
O=C1CCC=COC1=N.CC2CCC(=O)C2N=N,0.5520810039546822,103.43,2.0,2.0
CC1OC(CC1)C2CO2,0.4795273903864177,21.759999999999998,2.0,2.0
O=C1C2NCCCOC12,0.5512710665822671,38.33,0.0,2.0
CCCCN(NCC)O.CCCC1COC(=O)C1,0.7049548158017364,61.8,11.0,1.0
CCCCC(C=O)=O.COO,0.4467880731392967,63.6,7.0,0.0
CCC1=NOCNCO1.CCCC(=O)CC=O,0.5291178548397802,76.99,7.0,1.0
O=C1N2CCCC21CO,0.6447849098907289,40.31,2.0,2.0
O=CNCCC1=C=C1.CC=O,0.5103490885611353,46.17,4.0,1.0
O=CCN=CC(CC)O.C=O,0.5180828742135788,66.72999999999999,6.0,0.0
CNC=CC=O.CC1C=CCC1C2C=C2,0.2470428269426781,29.1,5.0,2.0
CC=CC(CN)NO,0.5660697886314784,58.28,6.0,0.0
