smiles,charge_diff,tpsa,rotatable_bonds,num_rings,score
COC(=O)OSOC=C(O)C1=CC=CC=C1,1.0268224433422533,64.99000000000001,6.0,1.0,3
COC(=O)OCCC1C=CCC1C,0.9450908714300896,35.53,5.0,1.0,3
COC=C1NC(=O)O1,0.9192254030756731,47.56,2.0,1.0,3
COC=NCOC1=NCNO1,0.8924710494203502,64.44,3.0,1.0,3
CCN1OCN1C(=O)O,0.8893859966762674,53.010000000000005,2.0,1.0,3
COC(=O)N=C(N)CC=C(C=CC1=C)C=CC=C1C,0.8856975781999222,64.67999999999999,4.0,1.0,3
CCOC(=O)N=C(C=CC1)C1=CC=O,0.8818464673062345,55.73,3.0,1.0,3
CC=CC1=COC(=O)N=N1,0.8701106632976116,55.99,2.0,1.0,3
OC(=O)NC1C2C1(C)CO2,0.8695356433221173,58.56,2.0,2.0,3
COC(=O)N(C=O)CN(C1)CC1CC=C,0.8690530570672512,49.85,5.0,1.0,3
O=C(N1C=O)OC2CCCCC2C(C=CC=C=C)C=CCCCC=CC=CC=CCCCC=CC=C1,0.865507200004388,46.61,2.0,2.0,3
COC(=O)NC=CC=C(N1)C1(C)CC2C=C2,0.8630037802317101,60.269999999999996,6.0,2.0,3
CC(=O)NC(=O)OCC1C(C#C)C=C1C=C,0.8618921250256029,55.400000000000006,4.0,1.0,3
CCOC(=O)NC(O1)N1C,0.8595765885726236,53.87,4.0,1.0,3
O=C1OC(C)CCC=CC=CC=C1OCC2CN2,0.858189210526232,57.47,4.0,2.0,3
CNC1CCOC(=O)N1,0.857251634725172,50.36,2.0,1.0,3
C1N(C)N2C(=O)N=CC2C=C1OCC,0.8552366102655607,45.14,4.0,2.0,3
CCOC(=N1)OCCN1,0.8547234080610271,42.85,2.0,1.0,3
OCOC=C1OCOC1=O,0.8506257671612203,64.99000000000001,3.0,1.0,3
CC=CC1=COC(=O)N1C#N,0.8473730554531345,58.93,2.0,1.0,3
O=CCNC(=O)N=C.COC=CC1=CC1,0.844520160619846,67.76,5.0,1.0,3
CN1CNC(C)OC1=O,0.842131714850597,41.57,2.0,1.0,3
C=1OCC=C(C=1)C=NC(=O)NC=CCCC=C2C=N2,0.8414528394021592,63.05,5.0,2.0,3
C=COC1NCOC1=O,0.8360276737775766,47.56,2.0,1.0,3
O=C(C=CC=CC=C=C=C)C(=O)OCC(C1)O1,0.8354587607826798,55.900000000000006,6.0,1.0,3
CCCOC(=O)C1N=C1O,0.8348188018722071,58.89,4.0,1.0,3
NC(=O)OC1CC(C)O1,0.8259782839305718,61.55000000000001,2.0,1.0,3
NNC1OC(=O)N1C,0.8257975263280788,67.58999999999999,3.0,1.0,3
C1[C@H1]OC(=O)C=CN=C1ONC(C)=CC=COC2CC2=C=C,0.8249025530167052,69.15,6.0,2.0,3
COC(=C)C1C=CCOC1=O,0.8208012628643291,35.53,3.0,1.0,3
COC=C1CC(=O)O1,0.8191439989254876,35.53,2.0,1.0,3
OC=CC(C1)C1CC=COC=O,0.8133154338012603,46.53,5.0,1.0,3
C1OC=CC=C(NOC=O)C=CC#C1,0.8085204242809242,47.56,2.0,1.0,3
C1CC(C)CC2CN=CC=C2C1CCC=CO,0.8080293895305632,32.59,5.0,2.0,3
C1CC(NC=O)CC=CCC1=CO,0.8077469874896753,49.33,2.0,1.0,3
CN=C1OCC1=CO,0.8071060547093563,41.82,2.0,1.0,3
C1OCC2C(C1C(C)C)OC(=O)C=NN2CC=CC(=C)C#C,0.8063639321113754,51.13,6.0,2.0,3
OC=C(NC)C1CC=N1,0.8059238843950075,44.62,4.0,1.0,3
C1=C(O)CC1C=O,0.805141055934005,37.3,2.0,1.0,3
C1=C(CC1NCCC)O,0.8050682996694379,32.26,5.0,1.0,3
CC1(C)CN=CC1C(C2)C=C(O)CC2=O,0.8047420395388062,49.660000000000004,4.0,2.0,3
OC=COC=NC1C=C1,0.8046623357203118,41.82,3.0,1.0,3
C1CC=C(CCC2N)C(=O)CCC=C1C=CC=C(O)C2CC=CC=C,0.8045320511064858,63.32000000000001,5.0,2.0,3
C=1C(C=N)C=1O,0.8041890249594351,44.08,2.0,1.0,3
COC=CC=C(O)C1CC=CCC1=O,0.8041395596494741,46.53,5.0,1.0,3
C=1NC(C)CC=1O,0.8033775546704983,32.26,2.0,1.0,3
CN(O)C=1CC=1O,0.8026631768948007,43.7,4.0,1.0,3
OC=1CCCN=CN=1.CCC=C2CCC=C2O,0.8024985167182497,65.18,3.0,2.0,3
C1=C(O)C1O,0.802138043001457,40.46,2.0,1.0,3
COC(=O)C1CCCO1,0.8015580463110581,35.53,2.0,1.0,3
COC1CC1(CC=C(O)C=C2C=O)C(C)C2,0.8013653055985712,46.53,5.0,2.0,3
CC12CN1OC(=O)N2O,0.8011137168167792,52.78,2.0,2.0,3
N=COC1C=C1O,0.8009561084702022,53.31,2.0,1.0,3
O=C1OC1(O)C=O,0.8007512179105988,66.9,2.0,1.0,3
ONCCC1=C(O1)O,0.8005130297867742,65.02,5.0,1.0,3
CNC=C1C=C1O,0.8003757473836629,32.26,3.0,1.0,3
C1[C@H1]=C1C=CN2C=C(O)C=CNC2(C)C=O,0.799544081879169,52.57,5.0,2.0,3
CC1=CC=C(O)C=NO1,0.7993928878518259,41.82000000000001,2.0,1.0,3
COC=CCNC1N=C1O,0.7992477260410493,53.849999999999994,5.0,1.0,3
C1NC1COC(=O)C=C=CC(C)=C,0.7985228612168567,48.24,5.0,1.0,3
CC1OC=C(O)C(O)N1,0.7984860237047451,61.72,3.0,1.0,3
OC(C=C=CC=CC=C=CN1)=C1C=O,0.7982394773692277,49.33,2.0,1.0,3
CCOC(O1)C1=O,0.7979465705948668,38.83,3.0,1.0,3
CCCOC(C=C(O)C1=O)C1,0.7978090369859191,46.53,5.0,1.0,3
C1C(=O)C1(C)C=CC=C(O)C2=CC=CNO2,0.7974661762570731,58.56,5.0,2.0,3
COC1=C2COCN2O1,0.7974490645792873,36.53,2.0,2.0,3
C=CNC1OC1=O,0.7969221055947127,41.629999999999995,2.0,1.0,3
O=C(C=CC(C)C1OC1=O)C2=CC2,0.7953979483328548,46.67,5.0,2.0,3
C1C=COCCC1CCOC=O,0.7940979392414471,35.53,3.0,1.0,3
COOC1NC=CC=C=C=C1O,0.7940913022180598,50.72,4.0,1.0,3
C=1C=CC=CNC(C)CC=1CCCN=C(C)O,0.791245211192188,44.620000000000005,6.0,1.0,3
CC1=CN=C(O)C1C=O,0.7901223584992325,49.660000000000004,2.0,1.0,3
C=C(O)NCC1CO1,0.7899503358920599,44.79,4.0,1.0,3
CCOCC1N=C1O,0.789523308865965,41.82,4.0,1.0,3
OCC=CC1N=C1O,0.7893555498439503,52.82000000000001,3.0,1.0,3
C1OC=CC=C(NC(=O)C=O)C=C=CC#CCC1,0.7891648844036241,55.4,2.0,1.0,3
OC1=CN(CCN1)C,0.7885895000602816,35.5,2.0,1.0,3
CNC1=CC=COC1=O,0.788523843291614,42.24,2.0,1.0,3
CN1CC(O)NC=C1O,0.7884645034085258,55.730000000000004,3.0,1.0,3
NC=CCCN1N=CC=C1O,0.7882559589181533,64.07000000000001,5.0,1.0,3
CC1C=C(O)N1O,0.7882271664253233,43.7,3.0,1.0,3
C=CN1OCC=C1O,0.7880050575325555,32.7,2.0,1.0,3
N1=C(CCCNC1CC=C)C=CC=C2N=C(O)C2=C,0.7876446253487188,56.980000000000004,4.0,2.0,3
O=CC1=C(O)NN1,0.7869622959188157,68.88,2.0,1.0,3
COC(=O)C1C=NCCC1=C=O,0.7868075648827648,55.73,2.0,1.0,3
C1C2=CC=C=CCC12N=C(O)C=O,0.7861244598681053,49.660000000000004,2.0,2.0,3
O1C2=CCC1=C(O)N2O,0.7854964228233798,52.93000000000001,2.0,2.0,3
OC(=O)CCC1NC=C1,0.7841612837273195,49.33,3.0,1.0,3
CCCCCOC(=O)C1CCCC1=O,0.7811150398778421,43.370000000000005,6.0,1.0,3
CC=CC=C(OOC(N)CC(C)C1)OC1,0.7799162742885527,53.71000000000001,4.0,1.0,3
O=C(O1)C=C1OC=CC=C2CC2C,0.778989159351754,35.53,4.0,2.0,3
C1OC(=O)C(C)C(OCCC1)C=CCC=O,0.7765256216745837,52.6,4.0,1.0,3
C1OC(=O)C1CCC=O,0.7764020862032377,43.370000000000005,3.0,1.0,3
N#CCCC(=O)C(=CC=CC=CCCOC1=O)C1,0.7749977395277696,67.16,3.0,1.0,3
CNC=C(C1)C2N=COC2=CCCOC1=O,0.774690476578986,59.92000000000001,2.0,2.0,3
O=CCC1C(C)OC1=O,0.7743399114811624,43.370000000000005,3.0,1.0,3
N=C1ONC=C1OC,0.7719318931314001,62.010000000000005,2.0,1.0,3
COC=CC1N(C2=O)N=CC=CC=CC=CC=C1C=C2,0.7716746554033799,41.9,3.0,2.0,3
O=C(C1)OC1CNC,0.7697211809419102,38.33,3.0,1.0,3
C1NC1=COC(=O)C2=CC2(C)CC,0.7681743271684138,48.24,5.0,2.0,3
CC(=O)OCCC1OC1,0.7678961390428076,38.83,4.0,1.0,3
CC(=O)OCCC1OCC=N1,0.7678199134224764,47.89,4.0,1.0,3
C1C=C1C(C)NC=CCOC#CO,0.7677346339937423,41.489999999999995,6.0,1.0,3
C1OC(=O)CCNC1=C=C=C2C=C2CC=CC,0.7659814584829366,38.33,3.0,2.0,3
C1OC(=O)CCC=CCNC(C)N(C)C(CCN2)C(CC)C1=N2,0.765396121353918,65.96000000000001,4.0,2.0,3
CCOCOC(=N1)N1,0.7652696226575293,52.760000000000005,4.0,1.0,3
CCNC=COC1OCCO1,0.7626804355778483,39.72,5.0,1.0,3
COC1=CC=C=C(C1=O)OCC2=CC=C=C=C2C=C,0.7622507565767778,35.53,6.0,2.0,3
C1OC=CC=C1C(=O)C(=O)C=O,0.7614505850691945,60.440000000000005,3.0,1.0,3
CC1NCOC(=O)C1C,0.7605102007313711,38.33,2.0,1.0,3
O=C1C(C)C1COC=O,0.7597063542550182,43.370000000000005,3.0,1.0,3
C1CCCON1CCOC=O,0.7590632955048842,38.77,3.0,1.0,3
O=CNCCOCOC=1OC=1,0.7588902344572459,60.09,6.0,1.0,3
O1CNC=C1ON,0.75846275312641,56.51,2.0,1.0,3
CCOCCN=C1ON1O,0.7570296492566001,57.36,6.0,1.0,3
O=COC1CC1C=O,0.7566773284486117,43.370000000000005,2.0,1.0,3
O1NC1COC=O,0.756223860976238,60.77,2.0,1.0,3
C1NC=C1COC=O,0.756141984665246,38.33,2.0,1.0,3
COC=C1CNCCNC1=O,0.7549812870872197,50.36,2.0,1.0,3
CC1(C)COCOC1=O,0.7534640230714348,35.53,2.0,1.0,3
CC1(C)OC=C1OO,0.7529604892030948,38.69,4.0,1.0,3
CCOC=C(CN1)C1=O,0.7528094768351832,38.33,3.0,1.0,3
OOCCC=C(CC=C1C)OCCCOCCCN=CC=C1C,0.7526876547333157,60.28,6.0,1.0,3
O=COC1C=C=CC1COCC(=O)NC=C,0.7521438086244333,64.63,6.0,1.0,3
CC1(C)OCC1OC=O,0.7520929426195178,35.53,3.0,1.0,3
C=CCC=NC(=N1)OCOC1,0.7516270038402877,43.18000000000001,2.0,1.0,3
CC1=CC(N)C1OC=O,0.7512966039111619,52.32,3.0,1.0,3
C1OC=CC=C(N)C(=O)C#CC1CC,0.7509263681845213,52.32,3.0,1.0,3
ON(NC(=O)N(O1)CC=CC=C1)CC=C(C2)C=C2,0.7494533834624197,65.04,4.0,2.0,3
CCOC=CC=NC(=O)CC1CCCO1,0.749179060312837,47.89,6.0,1.0,3
CCOC1OC(=O)C1,0.7489061777982435,35.53,3.0,1.0,3
C1OC=CC=C(N(O)C=O)CC=CCC1,0.7476499439818871,49.77,2.0,1.0,3
C1C=CCOC(=N)N1CO,0.7473821065611335,56.55,2.0,1.0,3
O=C=CC1=C(OC(C=O)CC=O)OC=CC=C1,0.7458981245965987,69.67,6.0,1.0,3
COC1=C(O2)C2OCN1,0.745572235606438,43.019999999999996,2.0,2.0,3
C=COC1OC=C1N=NC,0.7447406838881803,43.18,4.0,1.0,3
CC=CC1=COCCCN1O,0.7447338675384909,32.7,3.0,1.0,3
C1COC=C1NO,0.7444506244592851,41.489999999999995,2.0,1.0,3
C1C=C(N1NCOC=O)CN=CC#C,0.7442136824648424,53.93,5.0,1.0,3
OOC=CC=C(NN=CC(C)C1CCCC2C1CC)O2,0.7439104994078125,63.08,6.0,2.0,3
COC1=CCC(NCCC)CCO1,0.7431355472022141,30.49,6.0,1.0,3
C1CNC=C1NCOC=O,0.7409837055885462,50.36,3.0,1.0,3
C1OC1=NC(=O)C=CC=O,0.7406255220674929,59.03,2.0,1.0,3
CCC=CN1CC1C=NO,0.7406133818449457,35.6,5.0,1.0,3
O=CC1CC1=NO,0.7404451235820715,49.66,2.0,1.0,3
CCC(=O)OC(O1)CCCO1,0.7402960402776388,44.760000000000005,3.0,1.0,3
CCCCN1CCCC1=NO,0.7390738592290149,35.83,5.0,1.0,3
C1COC=C(O1)N(N)C=NCC(C)C=C,0.7370164738990098,60.08,6.0,1.0,3
O=COCOC1CC1,0.7353585472126647,35.53,3.0,1.0,3
CCC1=NC(O)O1,0.7342609130406257,41.82000000000001,3.0,1.0,3
OOC=CC=COC1=CC1=C,0.733891935092341,38.69,5.0,1.0,3
CN1C=COC1O,0.732647223787218,32.7,2.0,1.0,3
CCCCCOC1OC=NC=NN1,0.7316002645105366,55.21,6.0,1.0,3
CC=CC1=CN(O)O1,0.7315092968067394,38.3,3.0,1.0,3
C1OOC(CC=CCCCC1=COC)C(=O)C=O,0.7312771510636881,61.830000000000005,4.0,1.0,3
C=1C(CO)C=1OC=O,0.7305649270577597,46.53,3.0,1.0,3
CCCC1OC1=NOCC#C,0.730212433462459,34.120000000000005,5.0,1.0,3
CC1N(C(=N)O1)C,0.7297815980472317,36.32000000000001,2.0,1.0,3
CCC1=NC(=CO1)OCC,0.7281488977783594,35.260000000000005,5.0,1.0,3
O1C=NNC1(C=C)NC=C=C=O,0.7280783327876772,62.72,3.0,1.0,3
CC1NC=C1OC=O,0.7273224832501471,38.33,2.0,1.0,3
O=CCC1CCC1CN=NO,0.7261112297896106,62.019999999999996,5.0,1.0,3
COC=CC=C1NC=CCNC(=O)CCC(C2)C2C1C(=C)C#C,0.7241186470324601,50.36,4.0,2.0,3
CCOC=CC(N1)CC1=O,0.7241143670550827,38.33,4.0,1.0,3
C1NOC(=O)C1.OCCC=C(C)C=CC,0.7217002027128356,58.56,6.0,1.0,3
C1OC=CCNC(=O)C(C)CN=C1C(CC=CC)=C2CC=CC#C2,0.7196234866509064,50.69,5.0,2.0,3
COC=CC=C1C=CN=CC=CN=CCC(C)(C)N1C=O,0.7185136699742675,54.260000000000005,5.0,1.0,3
CC#CNC(=O)N=C(CC)CCN(C1=CC=CC=C12)C2,0.7184180836381647,44.7,5.0,2.0,3
O=C(NC1)CC(C)C(=CCC)OCCC1=CC,0.7181171842736493,38.33,4.0,1.0,3
CN=CCOC=CC1NC(=O)CCC=CNC=CCC=C1,0.716322377879027,62.72,5.0,1.0,3
N1=COC(O1)CN,0.7159152574714311,56.84,2.0,1.0,3
C1NC1OCCOC=NC=O,0.7157651153060514,69.83000000000001,4.0,1.0,3
ON=C(CC=1)C=1.CC2CCC=C(N2)CC,0.7157161231105991,44.620000000000005,4.0,2.0,3
COC=C1COCC1O,0.7152705680441531,38.69,3.0,1.0,3
C1C(O)C1(C=NOC=O)C,0.7150138963265723,58.89000000000001,4.0,1.0,3
C=COCCC1=CC1(N)O,0.7147559814287641,55.480000000000004,6.0,1.0,3
COC=C1C=C1NC=O,0.7146914785894548,38.33,3.0,1.0,3
CNC1CC=CC(=O)ON1,0.7142808149088811,50.36,2.0,1.0,3
O=CCNC1=C(OC)N1,0.7136083640453048,60.269999999999996,5.0,1.0,3
C=CCCC1CC1COC#N,0.7130161157621377,33.019999999999996,5.0,1.0,3
C1=COCCNC1(C)O,0.7129337034949945,41.489999999999995,2.0,1.0,3
COC1=NCCC=C1NC#N,0.7123920574744325,57.41,2.0,1.0,3
C1C=CCCC2CC=CNCCNC(=O)N(C(C)N2)C=C=C(C=C)C1,0.7121468759415994,56.4,2.0,2.0,3
C1OC=C(C1)NC=CC=CN(CC)C=O,0.7121275180729745,41.57,6.0,1.0,3
OCC=CC=C1OC1O,0.7109546701866243,52.989999999999995,4.0,1.0,3
N#CC=CCC=NCO.C1(C)=CCCO1,0.7107965571820164,65.61,5.0,1.0,3
COC1COC=CN1C=O,0.7104434960131245,38.77,2.0,1.0,3
CC=NC1C(=C)N=C1OC=O,0.7100682453108154,51.02,2.0,1.0,3
C1OC=CC1(NCO)N,0.7096305733976646,67.50999999999999,4.0,1.0,3
COC1=CC#CN1C=O,0.7088901031244552,31.23,2.0,1.0,3
CCC1NC(=O)N1C=O.C=CC=C=CC2CCOC2,0.7075289430949712,58.64,4.0,2.0,3
COC1=CC=C(C1)CCNC=O,0.7074020698328796,38.33,5.0,1.0,3
C1CNC(=O)CN1.C=COC=CC,0.7071094195474151,50.36,3.0,1.0,3
CCOCN1CC(=O)O1,0.7058034367648197,38.769999999999996,4.0,1.0,3
C1OC=CNOC1=COCCC2CC2=C,0.7054680817314603,39.72,4.0,2.0,3
CCCC1NC(=O)CN=CO1,0.704637356532289,50.69,3.0,1.0,3
N=COC1CCOCCN1O,0.701046414224729,65.78,2.0,1.0,3
C1C=COC(C=N1)CO,0.7004729325131306,41.82,2.0,1.0,3
COC1(OC1)OCC2CC2O,0.700353510798922,51.22,6.0,2.0,3
O=C(C)NCOC=CCC=C1CN1,0.7001205948177103,60.269999999999996,6.0,1.0,3
COC=C1C=C=CCC=NO1,0.6997092164031975,30.82,2.0,1.0,3
OC1NCOC=CC1O,0.6985129173553081,61.72,2.0,1.0,3
COC=C1COCCON1,0.6974883716750335,39.72,2.0,1.0,3
O1C(=CC1C)C=CC=CNC=O,0.6972548945003851,38.33,4.0,1.0,3
COC=C1C(=O)C=C1NN2C=CC=COC=CC=CC=CC#C2,0.6962484764204765,50.8,4.0,2.0,3
C1C=COC=C1NNC=O,0.6960747342128945,50.36,2.0,1.0,3
CNC1OC=CCN1C=O,0.6956828201549277,41.57,2.0,1.0,3
CCOC1NC(O2)C2=N1,0.6956602228442378,46.15,3.0,2.0,3
C1OC=NC1C=CCC2=CCNCN2C=O,0.6953693010880406,53.93,3.0,2.0,3
CNCC1CCNC1OC#N,0.6952937058757329,57.08,4.0,1.0,3
C12=COCC2C1C(=O)CONC=C,0.6950489391264278,47.56,5.0,2.0,3
COC=CC=C=NN1NC(=C2)C=C1CCC2C=C=CC=C=C=C,0.694404271142166,36.86,6.0,2.0,3
CNC1CC(O)C=CO1,0.6939990879080719,41.489999999999995,3.0,1.0,3
C1=CC1(C=N)OC#N,0.6938005293358973,56.87,2.0,1.0,3
C=COCCC1NNON=N1,0.6937511329560048,67.24,4.0,1.0,3
C=COCCCN1ONOC1,0.6934137846413376,42.96000000000001,5.0,1.0,3
CC=COC(=C1N)C=C=CO1,0.6933217426492828,44.480000000000004,4.0,1.0,3
C1=C(OCN1CC(=O)N)N2CCCC2C=C,0.6932281690503728,58.800000000000004,4.0,2.0,3
CC(C)=CC=CC1=COCNCC2NN(C=CC1(C)NC=O)C=CCC2=C,0.6931464486939759,65.63,6.0,2.0,3
C1NCC1OC=NN=N,0.6912681646637501,69.83,2.0,1.0,3
COC1=CNOC1CNCC#CCC2CC2,0.6912621344276401,42.519999999999996,6.0,2.0,3
CN=CNC1=COCO1,0.691124122719513,42.85000000000001,2.0,1.0,3
C1OC=NOCC1N(C)NN(C2)C=CC=CC2=C,0.6908947428052223,49.330000000000005,4.0,2.0,3
C=1CCOC=1C(=O)CC=C=O,0.6908729388229334,43.370000000000005,3.0,1.0,3
CCCCOC1=NCNOCOC1,0.6903737044129771,52.08,4.0,1.0,3
C1CC=C1OCOOC2NCC=CC2,0.6895058721796677,39.72,5.0,2.0,3
CN1C(=O)NC1C2CO2,0.6888936161910818,44.870000000000005,2.0,2.0,3
COCOC=O.CNC=C(CC1)C1,0.6886955501125485,47.56,5.0,1.0,3
CC=CC1OC1=N,0.6883911736651476,36.38,2.0,1.0,3
C1COCCOC=CC2CCC1C(C)OCOC=C=CC=C(C(C)=O)CCC2,0.6880052814842552,53.99,3.0,2.0,3
N1CC=C1NC(=O)NC,0.6876886361525107,53.16,2.0,1.0,3
C1CC=C(O1)O.CCNC=CC2=CC2C=O,0.687637481979825,58.56,6.0,2.0,3
CC(CNC=1OC)=NC=1,0.6866032131420062,33.62,3.0,1.0,3
OC1OC=CC(C)NC1,0.6861861342200359,41.49,2.0,1.0,3
CNC=C(O1)C1=N,0.6859637778102885,48.41,2.0,1.0,3
CC1CC1NOC=O,0.6854871767911507,38.33,3.0,1.0,3
C1C=CC1NOC=O,0.6851949898842667,38.33,2.0,1.0,3
COCC1OC=CC=N1,0.6851271591273106,30.82,3.0,1.0,3
CCC1(O)N=NCC=NO1,0.685111054656318,66.54,3.0,1.0,3
O=CC1NC=C(O1)C=O,0.6846334293061774,55.4,2.0,1.0,3
CC=CN=CNC(=O)NC1(C)NC=C=CC=CC=CC=C(C)C2C=C2CC1,0.6838158094268996,65.52,5.0,2.0,3
C1CC1OC=NNN,0.6837099803719976,59.64,3.0,1.0,3
C1NC=CCCCC1C2(OCC=O)CC=CC(C(=C)O2)C=C,0.6836038549522061,47.56,5.0,2.0,3
CC=NCC1=NCCO1,0.6829107511830709,33.95,3.0,1.0,3
C1=CC=C1OCNC=O,0.682462360351899,38.33,3.0,1.0,3
N1=COC1C=NCC=O,0.6821508869777377,51.02,3.0,1.0,3
CNCOC1=NC1C=O,0.6817393311705938,50.69,4.0,1.0,3
CC1=C=CC(OC)C2C=C=NC2OC=C1,0.6813151607419308,30.82,3.0,2.0,3
OCCC1C#C1.COC=O,0.6812597771605715,46.53,4.0,1.0,3
C1CN(C1OC)OC=O,0.6809058406281685,38.77,3.0,1.0,3
CCOC1OC=CCC1C=O,0.6803419498423245,35.53,4.0,1.0,3
N12S(=O)NCC=CN1CNCC2CCOC=C=NC=C,0.6802074561900565,69.2,5.0,2.0,3
C1CCC=C(NON1)NCOC=C(C)C,0.6800330156244834,54.55,6.0,1.0,3
NC(=O)CCCC1=CO1,0.6795310922172391,55.620000000000005,4.0,1.0,3
C1N=C1O.OC2C=CC=C2C,0.6791618780099155,52.82000000000001,2.0,2.0,3
N1CCC=C(O)C1.CC(C)(O)C=CC,0.6790018918633431,52.489999999999995,6.0,1.0,3
CCC1COC=CNN1,0.6787442350855367,33.29,2.0,1.0,3
CC(O)C1=C(CCN1CC2C)OC=C2,0.6787006527401073,32.7,4.0,2.0,3
C1OC=CC=CC1=NNC,0.6776981000058406,33.62,2.0,1.0,3
O1C(C)CCC=C1C=N,0.6765414429290498,33.08,2.0,1.0,3
OCCCC1OC=C=N1,0.6759356169342031,41.82,4.0,1.0,3
COC=CC=C(C(=O)CC1=O)C=C1C=C=C,0.6751165979083102,43.370000000000005,4.0,1.0,3
C1OC(OC1=N)CONC,0.6742500418594285,63.57000000000001,4.0,1.0,3
CC(=N)OC1CCOC=NC1,0.6740575524725317,54.67,2.0,1.0,3
N=COCCC1OC1,0.6740401664552742,45.61,3.0,1.0,3
CC(COC=N)C1C=C1,0.6738313515991453,33.08,4.0,1.0,3
N=COCC(CO1)CO1,0.673666053299091,51.540000000000006,2.0,1.0,3
N=CCC(C1)NNC=C=C1N=COC,0.6728237697892661,69.5,4.0,1.0,3
C1N(N)C(=O)C=CCC(ONC)=C1C(C2)=C2,0.6727540106942911,67.59,5.0,2.0,3
NCOC1CCC=CC=CO1,0.6726730715679985,44.480000000000004,3.0,1.0,3
COC=CC=CN=CCC1CCOC2C1C2=O,0.6725896510865457,47.89,6.0,2.0,3
CCOC(=N)CC=CC1=CC1=O,0.671932103895025,50.15,5.0,1.0,3
CCCC1CC1=CN.C=CO,0.6718430946986931,46.25,5.0,1.0,3
C1C=CC2(C)C1NN=C2OC=CCC=O,0.670600538517764,50.690000000000005,4.0,2.0,3
C1C=CCC(NC(=O)N(C)C=CNC2NC=CCO2)C1C,0.6704789014075925,65.63000000000001,6.0,2.0,3
COC=CC=C1NC=CC=C1N=O,0.6703459623935463,50.69,4.0,1.0,3
O1C(O)C=C1N2CC2,0.6702243855230711,32.47,2.0,2.0,3
CCC1=CCOC=NN1,0.6702079473139632,33.62,2.0,1.0,3
O=C(C1)C=C1NC.OC=C=C=CC=O,0.6694841883891306,66.4,4.0,1.0,3
C1OC(C)OC=CCCC=C1C=O,0.6691164889185656,35.53,2.0,1.0,3
COCC=CO.C1CO1,0.6687682708874056,41.99,4.0,1.0,3
N=COCC=NC1CO1,0.6685070672043252,57.97,3.0,1.0,3
O1C(C=O)=C1NCCCC=C,0.6685030952823036,41.63,6.0,1.0,3
CCCC1N=COC1(N)CO,0.6684476824040289,67.84,6.0,1.0,3
O1CCC1=C(C)O.COC2(C)CNC2C,0.6683177623006786,50.72,6.0,2.0,3
CC1(O)C=COC=N1,0.6673309590857196,41.82,2.0,1.0,3
N1CCCCNC1C=O.CCC=CO,0.6669111375519314,61.36,4.0,1.0,3
CC1(C)OCOC1=N,0.6668891895577989,42.31,2.0,1.0,3
C=COCN=C=C=C=C=C1C=CC(=C)C=CCCNCO1,0.6658129538010711,42.849999999999994,3.0,1.0,3
C1OC=CC=C(NC=C=O)C=CCCC=CC2CC2OC1,0.665426800785841,47.56,2.0,2.0,3
COCCOC=O.C=C1C=CCOC1,0.665393499817155,44.760000000000005,4.0,1.0,3
CC1N=C(C2=O)C1COC(NC=C=C)=CC2,0.6653125411744835,50.69,3.0,2.0,3
CC=C(OC)C=C1ONCC1,0.6652918884483205,30.490000000000002,4.0,1.0,3
CC1NCOC1=NC,0.6652691413332558,33.62,2.0,1.0,3
CC1=NCC(=C)N=C(C=O)CC2=C1COCCC=CCC=COCC2C,0.6650033388341593,60.25,3.0,2.0,3
N=C1OC(NC1C=C=C=C)CC2CC2=O,0.6648051534209054,62.18,3.0,2.0,3
COC=C1NCOC1NCCC,0.6647428698798135,42.519999999999996,6.0,1.0,3
CC=CC=C(OCOC(C1)(O)C=C=C)NOCOCC2=CC2=C1,0.6646196540764213,69.18,4.0,2.0,3
CC(CC=CNNC1=O)(C)ON1CC=CCC,0.6644512613500818,53.6,6.0,1.0,3
COC=C1CNC=C(NCCCC=CCC2)C12C=CC=C,0.6641653989172478,33.29,4.0,2.0,3
CC1CC(OC1)=NCCN=O,0.6638036361477435,51.02,4.0,1.0,3
CC1OC=C=C1OCC(C)=O,0.6634863251217675,35.53,5.0,1.0,3
COC=C1C=CC(N1)C=O,0.6634461582931348,38.33,3.0,1.0,3
C1CNC1CNC(=O)N,0.6633960938844362,67.14999999999999,2.0,1.0,3
O1CNCC1=NCC=O,0.6632654533056205,50.69,2.0,1.0,3
O=C=NOCCC1NC1,0.6622721985581462,60.599999999999994,4.0,1.0,3
C1OCC1OC=NCC=N,0.6620688777804676,54.67,3.0,1.0,3
COCOCN(C=N)C1C=CC=COC=CC=CC=CC=C1C#CC=C,0.6613871746610221,54.78,6.0,1.0,3
C[C@H1]C=CON1C(=O)CN=C1C2CC(C)CC2=O,0.6611252031061097,58.97,6.0,2.0,3
CC=COC1=NC2NC12,0.6606403741017766,43.53,2.0,2.0,3
COC=CN1C=C1N,0.6605791620143614,38.26,4.0,1.0,3
COC=C1CNON1C(N)C,0.6603017850831513,59.75,5.0,1.0,3
C1C=CC(NC1=CCCC=CCN)=C2CCCOC2=C,0.6600362965841828,47.28,5.0,2.0,3
CC=C(N=C=CCNOOC1CCOC=CC)CCC(CC=C2)=C12,0.6598401855265916,52.08000000000001,6.0,2.0,3
N1COC=NNC1CCC=O,0.6597455315956344,62.72,3.0,1.0,3
O1CC=NC=C1CNC#CC(=C)NC=NC#C,0.659737890309154,58.01,3.0,1.0,3
CCC1CNC(=O)N1C=O,0.6593038662263531,49.410000000000004,2.0,1.0,3
N1=C(N)C1CCOC=CC=CC,0.6585813241938416,47.61,6.0,1.0,3
C1OC=C2CNC=C2CCC(C=O)C(CC(C)C=C)(OC1)C,0.6582551942218525,47.56,6.0,2.0,3
CCC(=O)C(=O)NCC1CO1,0.6581500950013228,58.7,5.0,1.0,3
CCC=NN1COC=N1,0.6573633281402272,37.19,3.0,1.0,3
C1OC=CC=CC1C(C)C=CC=CC2=CC=CC=C2N,0.6567988497661555,35.25,6.0,2.0,3
CC(=O)CCCN(CCNC=CC=CCOC=C1)C2=C1C2,0.656664591166331,41.57000000000001,5.0,2.0,3
C1OC(=C)NC1=COC=C=O,0.6565054349934505,47.56,2.0,1.0,3
C1CNC1=CN=COCCC=CC=C,0.656268247729417,33.620000000000005,5.0,1.0,3
CCOC1OO1,0.6558410142242359,34.29,3.0,1.0,3
O=CCCC1OC=NCCO1,0.6557606254461418,47.89,3.0,1.0,3
C1NC=C(OO)C1N,0.6555365864500593,67.50999999999999,3.0,1.0,3
O=CCCOCNC(=C1)CO1,0.6552575059889709,47.56,6.0,1.0,3
N1=C(C)OCC(=O)CC1(C)C=O,0.654378559192724,55.73,3.0,1.0,3
C=C(OC1C(C)C(=C)C(=O)CN)NCCCC12CC2,0.6542869270495849,64.35,6.0,2.0,3
O=CCCN1N=COC1,0.6541083919662175,41.900000000000006,3.0,1.0,3
C1CN=CCOC=C1NC,0.6532513342995225,33.62,2.0,1.0,3
O=C1NCCN1CC2CC=CCC2(N)CC,0.6532363860890545,58.36,5.0,2.0,3
C1C(NC(=O)NC=C1C)CC(=C)C=CCC,0.6529919731307575,41.13,6.0,1.0,3
C1CCN(N)N1C.OC(=C)C,0.6522569049896783,52.730000000000004,4.0,1.0,3
O1C2CN21.OCC(=N)OC,0.652143533147568,68.85,3.0,2.0,3
N1=COOC1(C)O,0.6517534903863034,51.05,2.0,1.0,3
C1NC(=C)O1.C(CCCN=COCN2C)C=CC2C,0.6517169238389909,46.089999999999996,2.0,2.0,3
C=C(NC(=O)C=O)C1OC1C,0.6510424616751987,58.7,4.0,1.0,3
N1C(=O)N=C1C.CCC=O,0.6508676813277886,58.53,3.0,1.0,3
N1=COCC1CCC2CNCNO2,0.6506493563879623,54.879999999999995,3.0,2.0,3
COC=CC=C(C=CS=C=CN=CCC1)CC=CC=C1C=O,0.6499004823250452,38.66,4.0,1.0,3
C1CCC(NC(=O)NCC1=C)C=CC=CC,0.6494296015348842,41.13,3.0,1.0,3
C1OC=NC(CCC=O)C=C1,0.6493809530822461,38.66,3.0,1.0,3
C1OC2=CC2(NCCCNC1=CCC)C=CCC=CC=C=O,0.6491619476921229,50.36,6.0,2.0,3
C1OC=C(C1C=O)C=O,0.6491122438800316,43.370000000000005,2.0,1.0,3
C1=CC(C1)C(=O)OO,0.6490078491464728,46.53,2.0,1.0,3
NCC1OC1=C,0.6487233130417996,38.55,2.0,1.0,3
N=COCOC1C=CC1,0.6480797798352589,42.31,3.0,1.0,3
C1C(O)C(=O)N1N,0.6480590623432917,66.56,2.0,1.0,3
C1=C(N)C1CN(O)C=O,0.6476985273842645,66.56,4.0,1.0,3
C1C(=C)NC1=O.OCOC#C,0.6473465992513885,58.56,2.0,1.0,3
CNCC1COCOC=NC1,0.647109116362438,42.849999999999994,3.0,1.0,3
C1CCCCC1=NO.CCNCC,0.6468406129061484,44.620000000000005,5.0,1.0,3
C1C2(OC=CC=CC12)NCCC=O,0.6466060381604266,38.33,4.0,2.0,3
C1OC=CC=C(C=O)C1C2C=COC2=C,0.6464952141270278,35.53,2.0,2.0,3
COOCN1C(C)NCNC1=O,0.6463696510508756,62.830000000000005,5.0,1.0,3
C=C(N1)OCNC1CCC,0.6457683741679201,33.29,3.0,1.0,3
CNC(CC1=O)OC=C1,0.6456949586675176,38.33,2.0,1.0,3
CC(N1)C(=O)N1C(N)=CCC=C=C=CC2C=C2,0.6449990768584297,58.36,6.0,2.0,3
C1CCC1C=NOC=O,0.644873506599501,38.66,2.0,1.0,3
OC1CC1CN=NC=O,0.6443996900853561,62.02,3.0,1.0,3
CC1=COCNC(=N1)CCC,0.6437274080694683,33.62,4.0,1.0,3
C=CCC1=COCNOC1C,0.6436429196407183,30.49,3.0,1.0,3
C1C(=O)NOC1=CC2C=CC(C)=NNCCCC=CC=CC=CC=CC2CC,0.6435471685786542,62.72,4.0,2.0,3
O1CC1NCCC#C.C=C=C(C2)C=CC=C2O,0.6435027037938541,44.79,4.0,2.0,3
C1CCN=C(C=CO1)CCC=CC=CC=O,0.6433955740253147,38.66,5.0,1.0,3
CC=C=CC1ON=NO1,0.6433498539445057,43.18000000000001,2.0,1.0,3
CC1=CC=C1NNC(=O)N(C)C=CC2C=C2,0.6423320744998808,44.37,6.0,2.0,3
CC1NC=CC(=O)N1O,0.6422199241503538,52.57000000000001,2.0,1.0,3
O=CC=COCC1=CC1C=O,0.6420929285176942,43.370000000000005,5.0,1.0,3
C1=CNCN=C1NCC=C2N=COO2,0.6419078277856411,67.24000000000001,2.0,2.0,3
C=1=C(C)C=1C=O.OC=O,0.6416734442113936,54.37,2.0,1.0,3
O=C(C=O)C(=O)C.C(COCCC1C)C1,0.6414848962658264,60.44,4.0,1.0,3
N1=C(C)CC=CNCC(=O)CNC=CC=COC=C1C,0.6410137803024786,62.72,2.0,1.0,3
C1NC(=O)N1CC,0.639944207384932,32.34,2.0,1.0,3
ON(C)C=O.CNC=C1CCC=C1,0.639698319615949,52.57,4.0,1.0,3
NCOC=NCCN1CN=C1,0.6394892993523785,63.21,5.0,1.0,3
CC=NOCC1=CC(=O)N1,0.639285733940731,50.69,4.0,1.0,3
C=1CNCC=1C#N.OC=CCC2CC2,0.6388062789188154,56.05,3.0,2.0,3
C1=CNCC=C1OCN,0.6386163272094247,47.28,3.0,1.0,3
COC=CC(C1=O)C1.C=COCC=C,0.6386003353027111,35.53,6.0,1.0,3
O=C(C(C1)C=COC=C1C)COC2C=C2C,0.6382730993573751,35.53,6.0,2.0,3
OOC=CC1CO1,0.6380859807860926,41.99,3.0,1.0,3
CC(C)N=C1NC(=O)NC(C)(NC)C=C2C=C12,0.6380250971952891,65.52,6.0,2.0,3
C1=CC(=O)NC=CNOC=CCOC1CC,0.6380020504429894,59.59,2.0,1.0,3
COC=C1N=CC(O2)C12,0.6370582459663666,34.12,2.0,2.0,3
O=C1CN1OCO,0.6368656841141119,49.54,3.0,1.0,3
OCCN(C1=O)C1,0.6367798176029309,40.31,3.0,1.0,3
O1C(N)C1CC.C=CC=COC,0.6366325328857211,47.78,6.0,1.0,3
CN(C=O)OOC1=CNCCN1C,0.6356638447137835,54.040000000000006,5.0,1.0,3
C1OC=CC=C1C=O.COCC=C2CO2,0.6355969183475891,48.06,4.0,2.0,3
COC1=CC=CCC1NC(C)C=O,0.6355611124938827,38.33,6.0,1.0,3
C1CCC1C=O.C2C=C2O,0.6348801116642562,37.3,2.0,2.0,3
NNC1CCOC=C=N1,0.6348603738642813,59.64,2.0,1.0,3
CC=CC1NC=NC1=O,0.6343022729076893,41.46,2.0,1.0,3
CC1=CC=CC=NC1(OC)O,0.6342548478281577,41.82,4.0,1.0,3
O1CCC=NCCC1(C)COC(=C)C=CC=O,0.6336921972390246,47.89,6.0,1.0,3
CCOC(=O)C=CC=C.O=CCC1C2C1C2,0.6336198109416005,43.370000000000005,6.0,2.0,3
C1N(C)C(O)C(=O)NCCC1=C=O,0.6333430585257136,69.64,2.0,1.0,3
C1OC=CN=C1C.CC=C(O)C2=CC=CC2C,0.633210184006924,41.82,5.0,2.0,3
COC=CC=CC1=NOCCC1C=O,0.633159036188353,47.89,5.0,1.0,3
COCC1N=C(C)C2=C1NCO2,0.632990656034634,42.849999999999994,4.0,2.0,3
CCCC1NCOC1=C=NO.C2CN(C)CC2=C,0.6325191566781384,57.089999999999996,5.0,2.0,3
COCC1=C(OC=N1)C=O,0.6321643377581513,52.330000000000005,4.0,1.0,3
CC(=O)N=NCC1OCCC=CCC=CC=C2CC=C12,0.6319291118976356,51.019999999999996,3.0,2.0,3
COCN1N(C)COC1N=O,0.631298880813166,54.37,5.0,1.0,3
C1CC1NC(=O)C=O,0.6308484604321327,46.17,2.0,1.0,3
C1OC1OCNC(=O)C=O,0.6302759407606827,67.93,4.0,1.0,3
CCC=1N=COC=1C=O,0.6298348936163858,43.1,3.0,1.0,3
CC1OCON(N)C1=O,0.6294465615688014,64.78999999999999,2.0,1.0,3
C1CC1(O)C(N)=O,0.6289175437157334,63.32,2.0,1.0,3
COC=C(CC)C1CCNCO1,0.6287769306916305,30.49,5.0,1.0,3
N1C(=O)C(=O)C1CCC(C)=C=CC,0.6287294552829521,46.17,5.0,1.0,3
COC(=O)CNC1=CC1.CCC=O,0.6279520933983223,55.4,6.0,1.0,3
COC=COCC=CN1OCNC1,0.6277066303099905,42.96,6.0,1.0,3
COC=C1CNCCC1N=O,0.6268022313843519,50.69,3.0,1.0,3
C1=C=CCN1CC(=O)O.CCC=O,0.6260235141354362,57.61000000000001,4.0,1.0,3
C1CC(CC1C(=O)N=CC)N(C)C=CC=C,0.625411900900417,32.67,6.0,1.0,3
C1=C(C)CC=C1ONO,0.6252427900224939,41.489999999999995,4.0,1.0,3
COC1ON1C=O,0.6240736295689656,41.839999999999996,2.0,1.0,3
C1OC=CCNC1CCC=O,0.6227835760238605,38.33,3.0,1.0,3
C1[C@H1]=CC=C(CC1)OCNCN=CC,0.6226612825736593,33.62,6.0,1.0,3
C1OC=CC=CC1NCC=C=O,0.6224903125304065,38.33,3.0,1.0,3
N1COC=C=C1O.CC2C=CCC2N,0.6223206895766016,67.50999999999999,3.0,2.0,3
OCCCCC1NN1C=O,0.6213685538290726,62.25,5.0,1.0,3
C=CC1CN1NOC=O.C=O,0.6211200036158422,58.410000000000004,3.0,1.0,3
OCCC(=O)N1CC1(C)C,0.620807295529645,40.309999999999995,5.0,1.0,3
O=CC1CC2C1=C2OCNCC,0.6206886913173406,38.33,6.0,2.0,3
C1C=NC(C1=CCCNO)C=C2C=CNO2,0.6204427229022281,65.88000000000001,5.0,2.0,3
C1[C@H1]2C1OC(=O)C2C=O.CC=O,0.6201078657839388,60.440000000000005,2.0,2.0,3
C1C=NC1=COCN,0.6200856209197976,47.61,3.0,1.0,3
O1OC=NC=CC=C1NCC2CCCO2,0.6199790118917641,60.43000000000001,3.0,2.0,3
C=1CCOC=CC=1CN,0.6195787627467619,35.25,2.0,1.0,3
C1COC=C1C2CC(N)CC2N=C,0.6195556435676398,47.61,3.0,2.0,3
OCNCCC1CCN(O)C1,0.6191892805428327,55.730000000000004,6.0,1.0,3
CC1C(CO)CNC1=O,0.6187707766339219,49.33,3.0,1.0,3
ONC=CCCCC1OC1,0.6186685496118007,44.79,6.0,1.0,3
CC1=COCC(CC1)N,0.6184185444812109,35.25,2.0,1.0,3
OC(C)(C1=O)CC#C1,0.6174026228801304,37.3,2.0,1.0,3
CN1CCC(C)C1=O.OCC=CC=O,0.6170027525352284,57.61,5.0,1.0,3
C1CC2CC2C1N=C=O.CCCOCC,0.6164863497557583,38.66,6.0,2.0,3
C1#COC1CN2CN2,0.6162092266280315,34.18,2.0,2.0,3
C1CC(=O)N1OCO,0.6159762664363249,49.77,3.0,1.0,3
CC1ONN=C1CCO,0.6156322980280801,53.849999999999994,4.0,1.0,3
COCON=C=CC(C)=C(O1)N1,0.6154339548334627,65.29,6.0,1.0,3
O1CC=NCCCC1=CCN=CC2(C)CCC=N2,0.614991165762864,46.31,4.0,2.0,3
O=C1CC1C=NC2OO2,0.6149547036883065,54.49,2.0,2.0,3
O=C1N=C(NCNC)C1,0.6148535370960768,53.49,3.0,1.0,3
CN(O)CC1CCCO1,0.6145996215478812,32.7,4.0,1.0,3
C1CC1(C=O)OC.C=CCCC2=CO2,0.6139183237229189,38.83,6.0,2.0,3
CCC1CCC1=CNC(=O)C=O,0.613868015072762,46.17,4.0,1.0,3
CNC(=O)C1OC1,0.6134712202561305,41.63,2.0,1.0,3
C1OOC(OC1(C2)O2)CO,0.6127450055169368,60.45,2.0,2.0,3
CC1OCC1N(C)O,0.6126894660565828,32.7,4.0,1.0,3
C1#CCC1=O.OCC(C2)C=C2,0.6126021108653797,37.3,2.0,2.0,3
C=CN1CC1(O)O,0.6121187078675999,43.47,3.0,1.0,3
C=C=CC=CN=C(C1)ON=CCCNC2=C(C)C=CCC=C=C=CC1CCC2C=CC=CC=C,0.6120259189343803,45.980000000000004,6.0,2.0,3
C=CC1C=C(N)C1CO,0.6120205864738594,46.25,4.0,1.0,3
C1C(=O)N=CC(=O)CCCCOCNCC1CC=CCC=C2C#C2,0.611899445612883,67.76,4.0,2.0,3
NC1=CC1CO,0.6118036879065145,46.25,3.0,1.0,3
C=C=CC=CNCCC1C=CCN1NC=O,0.6117933298417592,44.37,6.0,1.0,3
CC1CCCN1OC=O.C=CC=CC=O,0.6110704080457529,46.61,4.0,1.0,3
CC=CC=CC=C(C(C)NC1=O)NCNC1C,0.6110303686211607,53.160000000000004,5.0,1.0,3
C12OC2(NC1)OOO,0.6109935607783861,63.25,3.0,2.0,3
CC1C=C(OC1=CC=O)CC=O,0.6109340473484958,43.370000000000005,4.0,1.0,3
COCCC=C1C=CN=C=CCC#CCC=COC1=CC=O,0.6106368683128813,47.89,5.0,1.0,3
OCC=CC1=CN1C=O,0.6101323631152211,40.31,3.0,1.0,3
C1CC=C1OC=O.CC=NCN(C)O,0.6101146021540717,62.129999999999995,6.0,1.0,3
C1NCC=N1.C=C2C=CC=C2OCC=O,0.6099469044872918,50.69,3.0,2.0,3
C=1CC(=O)NCCNC=1CC=O,0.6099038697019916,58.2,2.0,1.0,3
COC1NC#CC1=O,0.6097693322764894,38.33,2.0,1.0,3
CCCN1OC1O,0.6090998573927213,35.769999999999996,4.0,1.0,3
C1CNC(=O)C1CC(O)(C)C=C,0.6088778249039474,49.33,5.0,1.0,3
CC(O1)C1(O)C=O,0.6081618137102278,49.83,3.0,1.0,3
C1CC(=O)N=C1NCNC,0.6081348356505578,53.49,3.0,1.0,3
CC1CCCC(N1)C=O.C=CC2=COC=C2C,0.6081035744711112,42.24,4.0,2.0,3
COCCC1=CCC(=O)NCC2OCCC21O,0.6077576465615536,67.79,5.0,2.0,3
C1OC1(CONO)C,0.6076535439041042,54.019999999999996,5.0,1.0,3
CNC=CC1OCN(C1CC(C)CC2O)O2,0.607572639526659,53.96000000000001,5.0,2.0,3
O=C(N)C=CC=C1N=N1,0.6070107261218507,67.81,2.0,1.0,3
OCCC1C(O)CCC2=NN12,0.6068469452670531,55.83,4.0,2.0,3
OC12C=CC=C1CCO2.CC=CCO,0.6066746884788992,49.69,4.0,2.0,3
C1=CC(CN1)CCCO,0.6064127161502778,32.26,4.0,1.0,3
OCCCCN1C=N1,0.606411910721735,35.6,5.0,1.0,3
OCCC1CC1C=O,0.6064020822729977,37.3,4.0,1.0,3
OCCC1CCOC1CC=NC,0.6064007453106693,41.82,6.0,1.0,3
OCCC1CN=CC1=NC,0.6063882977362285,44.95,4.0,1.0,3
OCCC1C=NOC1,0.6063875828419566,41.82000000000001,3.0,1.0,3
CN1COCC1CCO,0.6063509937159892,32.7,4.0,1.0,3
C1CC(=N)N1CCCO,0.6063446099820823,47.32000000000001,4.0,1.0,3
OCCC1CC=N1,0.6063318284897234,32.59,3.0,1.0,3
OCCOC1CCCC(O)N1,0.6062065541887122,61.72,5.0,1.0,3
OCC1CC(C1)NC#CC,0.6061362583205487,32.26,3.0,1.0,3
OCC1CC1C=O,0.6061142345576073,37.3,3.0,1.0,3
OCCC=CC1CN1,0.6061064765725594,42.17,4.0,1.0,3
C1=CCOC(N2)C2=CN(C=C=C=C1C=CCCO)C,0.6061062818797749,54.64,5.0,2.0,3
OCC1CC1(C)C=O,0.6061033754543397,37.3,4.0,1.0,3
NC=1ON(C)C=1CC,0.606032282211452,44.089999999999996,4.0,1.0,3
CCCC1CN=C=N1.OC=C,0.6058592461841411,44.95,4.0,1.0,3
C1NC=CC1CO,0.6057601479467771,32.26,2.0,1.0,3
C1C(CO)C1=N,0.6057486309162128,44.08,2.0,1.0,3
C=CC=CNN1C=CNN=C1N=O,0.6055827634719138,69.09,3.0,1.0,3
OCCN1OC1C=O,0.605052627976834,52.84,4.0,1.0,3
OCC1CN1CC=O,0.6048146828563405,40.31,4.0,1.0,3
CCCC1NC1CO,0.6048116356766897,42.17,5.0,1.0,3
CC(N1)COCC1CO,0.6047827108351727,41.489999999999995,3.0,1.0,3
OCCNC=C1N=C1,0.6046751068169527,44.62,4.0,1.0,3
CC1=NC(CO)CC1,0.6042982689999549,32.59,3.0,1.0,3
OCC1CC=N1,0.6042855847718835,32.59,2.0,1.0,3
C1N(CN1)COCCO,0.6041346903774597,44.730000000000004,5.0,1.0,3
CCCC(C)C=O.C=C1OC1C2CN2,0.6040695899058135,51.54,6.0,2.0,3
CC=C(C)C1=NC1CO,0.6038892478772296,32.59,5.0,1.0,3
O1OCCCCC1CO,0.6037230132461298,38.69,2.0,1.0,3
C1OC=CC1(CN=C(C)C2CN=C)C=C2,0.6035271629941271,33.95,3.0,2.0,3
C1C(O)CC1C(=O)C=O,0.6035266955543805,54.37,3.0,1.0,3
CCCC(O)CC1CO1,0.6034748540401289,32.76,6.0,1.0,3
OCC12OC1C2C,0.6034419729852912,32.76,3.0,2.0,3
O1NC=CC1CO,0.6034138313164702,41.489999999999995,2.0,1.0,3
O=C(CC(C)O)C(C1)CC1C#C,0.6034090601637367,37.3,5.0,1.0,3
OC1CC1CCC=C=O,0.6032872276463217,37.3,4.0,1.0,3
C[C@@H1](O)C1CCCC=C1N=O,0.6031821256407937,49.660000000000004,4.0,1.0,3
C1C=NNCOC1(C=CC=C=C)C2CC2O,0.6031602756978538,53.85000000000001,4.0,2.0,3
OCC1(C)C=NCNO1,0.6030991664241021,53.85000000000001,3.0,1.0,3
OC(C12)CC=CC1C2C=CC=O,0.6029481606355842,37.3,3.0,2.0,3
CCCC1C(O)CC=NCC1,0.6029343500728868,32.59,4.0,1.0,3
COCC1N=CNSN1C=O,0.6028739342209253,53.93,3.0,1.0,3
O=CC1CC1O,0.6028413319227299,37.3,2.0,1.0,3
OC1CC1C=O,0.6028413319227299,37.3,2.0,1.0,3
OCC=C1CC1NCC=O,0.6027949397342185,49.33,5.0,1.0,3
OCC=CON1C=CC=CO1,0.6026777738255027,41.93000000000001,4.0,1.0,3
CCN1CCC1C(=O)N,0.6026413584355742,46.33,3.0,1.0,3
OC1OCC(O)C1C#C,0.6026319491001368,49.69,2.0,1.0,3
OCC1=CCCC1=N.OC2CCC#CC2,0.6026317009824651,64.31,3.0,2.0,3
C1COC=CC=C1C=C.O(C)C=C(O2)N2,0.6022581413006948,52.93000000000001,3.0,2.0,3
C1CN(C=O)CON(C)CC1CCNC=CC=O,0.6018694310882575,61.88,6.0,1.0,3
CCOC1OCCN=CCO1,0.6017547149082008,40.05,3.0,1.0,3
CCC1NC=C1NC(=O)C,0.6016973783896777,41.129999999999995,4.0,1.0,3
CC12NOC(C1)CC2O,0.601566346432019,41.489999999999995,2.0,2.0,3
CNC1=CC(=C)NN(O)O1,0.6013692614551923,56.760000000000005,3.0,1.0,3
OC1CCCC2NC21O,0.6013656379924136,62.400000000000006,2.0,2.0,3
C1CC(O)C(O)N1,0.6013101987919549,52.49,2.0,1.0,3
C1CC=C(N1)CCN=N,0.6013081589047262,48.24,3.0,1.0,3
CC1CC(O)C1O,0.6010066602869949,40.46,3.0,1.0,3
C1C=C1ONOCO,0.6008387431716803,50.72,5.0,1.0,3
OC1(C)CC1CNC=O,0.6006638927457529,49.33,4.0,1.0,3
CC=1CCC(=O)CCC=1.N=C(C)CCOC=O,0.600537789202279,67.22,5.0,1.0,3
CC=C1OC(CC1NSCC=O)=CC#CC=CC,0.6005100193557202,38.33,6.0,1.0,3
OC1C2C=CNC21O,0.6005041476748877,52.489999999999995,2.0,2.0,3
C1NC12OC2NOC=C,0.6004775039822597,55.730000000000004,3.0,2.0,3
OCNC1OCCNC=C1C,0.6004185201301347,53.519999999999996,4.0,1.0,3
CC(O)C=CCC1NO1,0.6002357480782474,54.7,5.0,1.0,3
C1OCCNC=CC1(C)O,0.6001764844055907,41.489999999999995,2.0,1.0,3
C1=CCCN=C1NCOO,0.6001092474265346,53.85000000000001,3.0,1.0,3
CNCC1CC(O)C=C1,0.5999365866256806,32.26,4.0,1.0,3
CC1CC(O)C=CC1=N,0.5999238023669394,44.08,2.0,1.0,3
OOC1=C=C=C(C=O)N=C=C2C=C21,0.5998066833501383,58.89,3.0,2.0,3
C1C(O)C=C1C(C)N(C2)NC2C,0.5996274266640748,35.5,5.0,2.0,3
C1C2OCC1(C=NNC=O)C=CCC=C2,0.5995756391755889,50.69,2.0,2.0,3
NC(=O)CNC1CO1,0.5995239964206114,67.65,3.0,1.0,3
C1CNOC(N)=C2CC1CCC2C,0.5994559254836704,47.28,2.0,2.0,3
N1=COOCCN1COC,0.5992873814335979,43.290000000000006,3.0,1.0,3
OC1CCC=C1C=O,0.5992407338147955,37.3,2.0,1.0,3
C1C(CN)(O)C1C,0.5992163524399793,46.25,4.0,1.0,3
C1CCCOCCN=N1.C=CCC=CO,0.5991582954225595,54.18000000000001,3.0,1.0,3
CC1OCCC(N)N1O,0.5991459768514522,58.72,3.0,1.0,3
OC1CNC=C1C,0.598933584074297,32.26,2.0,1.0,3
OCC1=CN(O1)C=N,0.5989258094272711,62.15,2.0,1.0,3
C1CCC1(OC)OC=O.CC=O,0.5988060388220595,52.6,4.0,1.0,3
CC(=O)NN(C)C(C)C1C=C=CC=C2N=CCOCNC=CC#CCC=C21,0.5987851006536957,65.96000000000001,6.0,2.0,3
OC(C)C=NC1CC1,0.5987319419499908,32.59,4.0,1.0,3
COOCC1OCNC1=O,0.5986646071831825,56.79,4.0,1.0,3
O1CC(O)C1C=O,0.598243831414797,46.53,2.0,1.0,3
C=C(C)C1=CNCC1(C)N(C=CC#C2)NN2,0.5982312226885753,48.54,4.0,2.0,3
CC1CC(O)C(C)=N1,0.59810562028578,32.59,3.0,1.0,3
C1CCC=CC(N)C(O)C=CC1=CC#CC=CC=CC=O,0.5980770567002264,63.32,4.0,1.0,3
CCNC1=CC1O,0.5978902524475883,32.26,4.0,1.0,3
CN=C1CC1O,0.5977917459997035,32.59,2.0,1.0,3
O=C(N=CCC=O)C(=N1)C=C(C)CC2=C=CC=C2C=CC=C1,0.5977042793732203,58.86,4.0,2.0,3
CN=NC(CC=CC(O)COC1C=C2C=C=C1)=N2,0.5976592492716647,66.54,2.0,2.0,3
C1=CCCNOC=C2NCNC12N=C=CCC#C,0.5974555210806219,57.68,2.0,2.0,3
CC(O1)NC(=O)C1CC,0.5964749432596201,38.33,3.0,1.0,3
C1OC(NCNC1=O)C=CCC=C,0.5964484139837432,50.36,3.0,1.0,3
CC(=O)C1OCCC1=NC=O,0.5964444763510205,55.73,2.0,1.0,3
N1=C(C)C(C1)O,0.5963313555348259,32.59,2.0,1.0,3
CCC(O)C1=NCON1,0.5962338545430674,53.85000000000001,4.0,1.0,3
CCNC(C=NC=C1)=CC1O,0.5961483909161469,44.620000000000005,4.0,1.0,3
OC1C(C)CC1=O,0.5961375354770592,37.3,2.0,1.0,3
C1=C2C(O)C=CC2(N)C1,0.5959497496427248,46.25,2.0,2.0,3
C1=CC1C(O)C=O,0.595801983516235,37.3,3.0,1.0,3
C1CNC(=O)C=CC=C(CC=CC=C1C(CN)C=CCCC2=C)C2,0.5957200692352594,55.120000000000005,2.0,2.0,3
COCC1C2(O)C=NC12,0.5957162016001889,41.82,4.0,2.0,3
COCCCC1=CC=NON1,0.5956206104643859,42.85,5.0,1.0,3
OC1(C)CCC1=N,0.5956131360814503,44.08,2.0,1.0,3
C=C(C#CC=O)C(C1C)(O)CC1C=C,0.5955939443173466,37.3,4.0,1.0,3
OC1C=C1C=O,0.5955675181572327,37.3,2.0,1.0,3
O=C1CCC=C1CCC.CC=COC=O,0.5954243892672959,43.370000000000005,5.0,1.0,3
COCC1C=CC(O1)O,0.5953577044625841,38.69,4.0,1.0,3
CC1(N=CN1)N=O,0.5949470630807299,53.82,2.0,1.0,3
O=C1CNNC(C)C1O,0.5947489812216524,61.36,2.0,1.0,3
ON(CCCCC1=CCC=C=C)CCNNCN2C=C1C=CC2C,0.5947352386467601,50.77,4.0,2.0,3
CC1CC2=CC(N)C21O,0.5946950499402758,46.25,3.0,2.0,3
C1C=CC=CCC=CN1NC(=O)C=O,0.5944525079423515,49.410000000000004,2.0,1.0,3
O=C(C12CC[C@H1]=C1CCCNC=C=C2CCC)C=O,0.594185052591955,46.17,5.0,2.0,3
C1N=CC=NC=C(O)C=C1.CCCN=C,0.5941325727884927,57.31,4.0,1.0,3
C1C=CC=C=COC(C)=CC1=CCCCN=O,0.5940912619689203,38.66,5.0,1.0,3
C1OC1C(O)C=O,0.5940042738596881,49.83,3.0,1.0,3
C1CC1C(C)(O)C=O,0.5938769470380639,37.3,4.0,1.0,3
C1C(C=O)(O)C1,0.5938734538435285,37.3,2.0,1.0,3
O1C=NNN1CCCC=O,0.5935445314927399,53.93,4.0,1.0,3
CC1OCC=NON1O,0.5934847494571902,54.290000000000006,2.0,1.0,3
COC(O1)CN1O,0.593320933122415,41.93000000000001,3.0,1.0,3
O1CC1CNCO,0.5932835383738417,44.79,4.0,1.0,3
OCNCC1=C2C1=C2,0.5932757079797172,32.26,4.0,2.0,3
CON1CC=C(O1)C#N,0.5932539689593966,45.49,2.0,1.0,3
OCNC1OCCCCC1=C,0.5931981704876037,41.489999999999995,3.0,1.0,3
C1OC(O)CC2C1CNC2(C)C(C)OC,0.5931886327941778,50.72,6.0,2.0,3
C1=C(C=CC1=N)O.CC(=O)CC,0.593136425120466,61.15,4.0,1.0,3
CC1C(C)(O)C1=O,0.593125818431223,37.3,3.0,1.0,3
COCC1CCNCN1C=O,0.5931177064131582,41.57,3.0,1.0,3
C1CNOCCN1CO,0.5930653743748748,44.730000000000004,2.0,1.0,3
C1CCNCN1CO,0.5930272623604456,35.5,2.0,1.0,3
OCN1C(C2=O)C12,0.593023259032687,40.31,2.0,2.0,3
CC1=CC(O)C1=O,0.5923598749906388,37.3,2.0,1.0,3
C1CCOC(O)N1O,0.5921120680535851,52.93000000000001,2.0,1.0,3
CC1=CC2(O)C1=CCC2C=O,0.5921056482464861,37.3,3.0,2.0,3
C=C(CC1CC)ONO1,0.5920778693668155,30.49,2.0,1.0,3
OC1(CC=O)C=C=C=CN=C=C=CC=C1CN=CC=C,0.5920203809024026,62.019999999999996,6.0,1.0,3
COC1=C(O)C=N1.CC=CC=CC=O,0.5919741231723983,58.89,6.0,1.0,3
OC1(C)CNC1=NC#N,0.5919278611992339,68.41,2.0,1.0,3
CC=CC=C(C1O)C1=O,0.5916347965309923,37.3,3.0,1.0,3
C12[C@@H1]C(=O)N1COCCCC2(CN=C)C=C,0.5913487689449946,41.900000000000006,3.0,2.0,3
CCCC1NOCCNC1=O,0.5913320123843369,50.36,3.0,1.0,3
COCCCN=C1NNCN1,0.5911741739322345,57.68,5.0,1.0,3
O=C(CCC=CNC1O)CNC1=CC,0.5911067151707021,61.36,2.0,1.0,3
C1OCCNC1(C)CC=CN(C)C=O,0.5911047059307097,41.57,5.0,1.0,3
CN1C(C)N(CO)O1,0.5908523884262024,35.94,4.0,1.0,3
C1C(C)CC(O)N1,0.5908360992930992,32.26,2.0,1.0,3
COCC(=C1COC)ON1,0.590701469200134,47.39,6.0,1.0,3
CC1=CC(CC1)=O.NC=COC=O,0.5906434327465175,69.39,3.0,1.0,3
OC1CCCN1CC=O,0.5906165572805828,40.54,3.0,1.0,3
CCC1(C)N=CC(=O)N1,0.5905380354769483,41.46,3.0,1.0,3
CN1C(=O)CCOC1O,0.590409577443242,49.77,2.0,1.0,3
OC1C2N1C2(N)O,0.590382905181112,69.49000000000001,3.0,2.0,3
C1CC(CC2C1)CNC2.CCCOC=O,0.5901252556124479,38.33,3.0,2.0,3
O1CC1C(=O)C=O,0.5899852432785626,46.67,2.0,1.0,3
OC1CCNC(C)N1N,0.5893164708883064,61.519999999999996,3.0,1.0,3
CCC1C(O)NNC1C=O,0.5892974883148897,61.36,4.0,1.0,3
O=CNCC1NC=CCCC=CCCC(=O)CCCC=CC=C1C=C,0.5892552924472251,58.2,3.0,1.0,3
NOC1NC=C=N1,0.5886597298610198,59.64,2.0,1.0,3
OCN1C=C1CC=O,0.5885078913002184,40.31,4.0,1.0,3
C1NC1(CC)CC(=O)N,0.5884424893153871,65.03,4.0,1.0,3
CCNC(C1)(O)C1,0.588419222703224,32.26,4.0,1.0,3
CC1CC(NC)(O)C1,0.5884132000613418,32.26,4.0,1.0,3
C1C2NC(C)(O)C12,0.5883513902647617,32.26,2.0,2.0,3
C1=C(N)ON=CC2=C(C)C=C21,0.5880858388271454,52.05,2.0,2.0,3
CC1OC(C)C(=O)C1=O,0.5880164601459397,43.370000000000005,2.0,1.0,3
CC1(C)CNC(=O)CNCCC1C,0.5879263710723457,41.13,3.0,1.0,3
CCC12CCNC1(O)C2,0.5878289719668635,32.26,3.0,2.0,3
CCC=C1NC1=O,0.5878173630722201,39.010000000000005,2.0,1.0,3
CC=CC1C(C)C1(N)O,0.5877293748576204,46.25,5.0,1.0,3
C1CCOCC1CNC=O,0.587727722812944,38.33,2.0,1.0,3
CC1NC(=O)C(C)NC1,0.5876251201075353,41.13,2.0,1.0,3
OC1(C)CCCNNN1,0.5874712636171002,56.32,2.0,1.0,3
C1OCC=C(CC1C=O)NC=O,0.5873257514669292,55.4,2.0,1.0,3
C1OCC1CCNC=O,0.5873154402258742,38.33,3.0,1.0,3
CCCC1(CN1)O,0.587124133488115,42.17,4.0,1.0,3
C1COCC1OCNC=O,0.5870451124122006,47.56,3.0,1.0,3
O1OC=CC2OC21CCC=O,0.5869515052031662,48.06,3.0,2.0,3
C=1C(C=O)(O)C=1,0.5868955911369325,37.3,2.0,1.0,3
C1CC1CC(=O)N,0.5868631065961226,43.09,2.0,1.0,3
OC=CCCC=C1CO1.O=CC(C)=O,0.5867223339059766,66.9,6.0,1.0,3
CCC12CCCC1(O)N2,0.586521323939728,42.17,3.0,2.0,3
C1OOCC(C)(O)NC1C=O,0.5862063818261167,67.78999999999999,3.0,1.0,3
O=CC1=CCNC=C1C2=CCC=C2C=C=C=N,0.5861614862786291,52.95,3.0,2.0,3
O=CCC1NC1CC#CC2C(=O)NC2(C)C,0.5858090924427942,68.11,5.0,2.0,3
CC1NC(O)C1=N,0.5856437912914182,56.11,2.0,1.0,3
N1CC1(O)C2NC2,0.5854753825700085,64.11,2.0,2.0,3
O1CCC(C2C)CNC21.C(=O)COC=O,0.5849754480431311,64.63,3.0,2.0,3
N1=CNCC1OCO,0.584791226806682,53.85000000000001,3.0,1.0,3
O=C1NC(C)NC1C=O,0.5845789834694834,58.2,2.0,1.0,3
N1[C@H1](CC(=O)C1=CN)CCNC2CC2C=C=C,0.5845321403082375,67.15,6.0,2.0,3
C=C1NCCN1NN=N,0.5844149784666829,63.51,2.0,1.0,3
C1CC1OCCOCNC=O,0.5842188362847771,47.56,6.0,1.0,3
COC12NNN2CC1=C=O,0.5841542088132922,53.6,2.0,2.0,3
C1N(C)C(=O)C=CCC=C1CC=O,0.5839968068025351,37.38,3.0,1.0,3
COC1OCOCN1C=O,0.5839205471798672,48.0,2.0,1.0,3
CCC=C(C1=O)CC=CC1(C=O)O,0.5838737845832085,54.370000000000005,4.0,1.0,3
CC=NN(CC(=O)NCNCC1)C1,0.5837301665446116,56.730000000000004,2.0,1.0,3
OCOCCCC1C=N1,0.5836996470314764,41.82,6.0,1.0,3
C1N(C)NC1OCO,0.5836103571358435,44.730000000000004,4.0,1.0,3
OCOCN=CC1OC1,0.5836026253428473,54.35,5.0,1.0,3
C1=CCCNC1(NC)OCO,0.5835329581445717,53.519999999999996,5.0,1.0,3
NOC=C1CC2CC=CN=C12,0.5833972445738856,47.61,2.0,2.0,3
CC=CC1=CC(O2)C12O,0.5831179321326123,32.76,3.0,2.0,3
O1CC1OCNO,0.5825297412240898,54.019999999999996,4.0,1.0,3
OC1(NC=CC(=O)C1)CNC,0.5824432248665878,61.36,4.0,1.0,3
CCN=CC=C=COO.C1C2CC2C1C=N,0.5823665550768509,65.67,6.0,2.0,3
COCN1CC1(O)C=O,0.5823173445180945,49.54,5.0,1.0,3
C1C=CC=NC1(O)C,0.582292175879745,32.59,2.0,1.0,3
C=CC1=CC(O)N1C#N,0.581984469154105,47.26,2.0,1.0,3
CCCNC(C1)OC1.N=C=CC2=CO2,0.5818555290935072,57.64,5.0,2.0,3
C1COCNN=CC=CC1.CC2C=CC=CC2CO,0.5817595367821898,53.849999999999994,3.0,2.0,3
CCC1C(O)OO1,0.581546212754076,38.69,3.0,1.0,3
C=CC=C1NC1O,0.5813703238669045,42.17,2.0,1.0,3
O=CC(NC=O)[C@H1].C=CC=CC=CN1CC1,0.5810440426269406,49.18,6.0,1.0,3
O=CCC=C(C=N1)C1=O,0.580777482087471,46.5,2.0,1.0,3
CC1C=C(N)C1=O,0.5803439939966499,43.09,2.0,1.0,3
O1C(CC1)ONC=O,0.5802977049127418,47.56,2.0,1.0,3
N1=C(C)C1O,0.580193153223529,32.59,2.0,1.0,3
O=C(C=O)CC=C1CN1,0.5800935280237897,56.08,3.0,1.0,3
C1OC2OC21N=O.C=CCCC(C)C=O,0.5800741342477373,68.25999999999999,6.0,2.0,3
CN1CCCC(O)ON1,0.5798509251987953,44.730000000000004,2.0,1.0,3
OC1C2NC2(CC)O1,0.5798233773633744,51.400000000000006,3.0,2.0,3
O=CNCCCCC1OC1,0.5797533461737978,41.63,5.0,1.0,3
CC1ONC(=O)C1CN,0.5797284988045021,64.35,3.0,1.0,3
O1C(O)C1C,0.5792702491774344,32.76,2.0,1.0,3
CCC(O1)C1O,0.5792622483829076,32.76,3.0,1.0,3
N=C=CC(O1)C1O,0.5789967133580901,56.61,2.0,1.0,3
C1COCC1(COC)O.OC2C(C)CCO2,0.5788489452981594,68.15,6.0,2.0,3
OC12CN=NN1NC2C,0.5787092604413705,60.220000000000006,2.0,2.0,3
N=CCC1CC=NO1,0.5785094652378081,45.44,2.0,1.0,3
CCC1(O)C=C=N1,0.5784153562026835,32.59,3.0,1.0,3
CN(NCC(=O)NCN1)C1(C)CC=C=C,0.5782037671984331,56.400000000000006,4.0,1.0,3
O1OC(C1C=O)OC,0.5778093345977824,44.760000000000005,3.0,1.0,3
OC1N2CC2OCN1N,0.5777138413955207,61.730000000000004,2.0,2.0,3
CNC(=C)C1=NC=NN1,0.5774959751045428,53.6,3.0,1.0,3
O=CC1NC=CC(N1C=O)C=C=C=C,0.5774644857183577,49.410000000000004,2.0,1.0,3
C=CNCC1C=C1C=N,0.577358877893217,35.88,4.0,1.0,3
CN(C1CCN)C1=O,0.5772206387016701,46.1,4.0,1.0,3
CC1(O)CNO1,0.5770787996598931,41.489999999999995,2.0,1.0,3
C1CCC(C)NC1(N)O,0.5770627709751563,58.28,3.0,1.0,3
C=1CC=CC=1ON,0.5763405702791442,35.25,2.0,1.0,3
CCCC1NCOC1N=C=O,0.5761043674243713,50.69,4.0,1.0,3
C1NC1(O)N,0.5760920001686748,68.19,2.0,1.0,3
OC1(O)CC=C1CC=O,0.575934613861501,57.53,4.0,1.0,3
O=CCN1CC1(O)N,0.5759208521946506,66.33,4.0,1.0,3
N1=CON=C1C.COCN=CC,0.5758721308290854,60.510000000000005,5.0,1.0,3
C12CC1(C=C)C2=O.C=CCCCC=C=COC=O,0.5756285715508649,43.370000000000005,6.0,2.0,3
C1C=CC=CCN1C=O.CCCC(O2)C2O,0.5755678307475642,53.07,4.0,2.0,3
CNC=CC1=CCNN1,0.5753126900884419,36.089999999999996,3.0,1.0,3
OC1(O)CCCC2N=C12,0.5750129605731312,52.82,2.0,2.0,3
C1CCC#CO1.C=CN=C(O)ONC,0.5743259176576094,63.08000000000001,3.0,1.0,3
CCCN(C=C)C=C=O.C=C1NC(O)O1,0.57421931981811,61.8,6.0,1.0,3
N1C=C1OOC,0.5739217508976553,40.400000000000006,3.0,1.0,3
C1N(O)N(C2=O)C2NCCC=CC=C1CC,0.573443060443199,55.58,3.0,2.0,3
OOC1CC1CNCN,0.5733481052066345,67.51,6.0,1.0,3
COCC=C1CNCC=C1C(=C)C#CC=O,0.573266716649584,38.33,4.0,1.0,3
C1CC(NC=O)N=CCCC=C1C=C(N2)CC=CC=C2,0.572993768096055,53.49,2.0,2.0,3
CCN(O)C(O1)C1N,0.5725536345275971,62.019999999999996,5.0,1.0,3
C1CNCC1=NC(C)C.CC=C(C2=CC=CC)O2,0.5724734506029155,36.92,6.0,2.0,3
C1C(=O)C(C)=NC=CC=C1NCC=NNC=C,0.5721223085043549,65.85,6.0,1.0,3
C12C(C)CC1NNC=C2CCNC=CC=C,0.5712371890048555,36.089999999999996,6.0,2.0,3
CC=CC1=CN=C=C1N(C=O)CCNC=O,0.5711071503600567,61.77,6.0,1.0,3
N=C1CCCC1COC,0.5708723544358449,33.08,3.0,1.0,3
O=C1N(C)O1.C=CCC(C2)CC2,0.5703316381187258,32.61,3.0,2.0,3
CN(CC(N1CCOCC1C)=C2C#CC=O)C(C)CCCCCC=C2C#C,0.5701442890536734,32.78,4.0,2.0,3
COC1C=C=C(C1=O)C(NC)C=O,0.5697952142748526,55.4,6.0,1.0,3
CN1C=CC=CC1NS2(=O)NCO2,0.5696242154017295,53.60000000000001,3.0,2.0,3
O1CC1(CN2NCC)O2,0.5690159056387919,37.03,3.0,2.0,3
O=C.OCOCCC(O1)=C1,0.5688921744411343,59.06,5.0,1.0,3
C1COC1(C)NCNC=O,0.5682514901317174,50.36,4.0,1.0,3
O=CC(=O)CCC1OC1,0.5678972575549355,46.67,4.0,1.0,3
COC1(CCCCCCCCCCC1)NC=O,0.5678549645849721,38.33,3.0,1.0,3
C1N(CC=O)C1=O,0.5673861313803994,37.15,2.0,1.0,3
CC1OC1C=C.C2C(=O)OCC2,0.5673643476955553,38.83,2.0,2.0,3
O=CCC=CC(=O)N(C=1)N(C)CC=1C,0.5672440745161561,40.620000000000005,5.0,1.0,3
O1CCCN1CNC=NC#N,0.567155951834251,60.65,2.0,1.0,3
CC1=CC=C(CN2C1=O)CN2CCC=O,0.5669645677053377,40.620000000000005,4.0,2.0,3
CCON=CN1C=C=C=CO1,0.5667153065822262,34.06,3.0,1.0,3
COC1CC2C1=CCC=C2NN=CCC=O,0.5666784412592047,50.69,6.0,2.0,3
CCC1C(C)OC1=NC.NC2CC=NO2,0.5665330662302441,69.2,5.0,2.0,3
O=C1CCCN1NC2C=C2CCN,0.5664101884041604,58.36,5.0,2.0,3
C=COOC1NC1=CC#N,0.5657117202935537,64.19,3.0,1.0,3
CC1(N)COCCC1=N,0.5656898541921719,59.1,2.0,1.0,3
CC=C1N=CCC1CCNC=O,0.5652790150858927,41.46,4.0,1.0,3
COC12CC=C(C1C)N(C)CCN=N2,0.5652413234540965,37.19,4.0,2.0,3
N=CN=CNC=NC=CC.C1N(C)C=C1C,0.5651890585128109,63.84,4.0,1.0,3
CCC=CC=C(C(=O)CCCONCC=C1C(=O)CNC=CC2=C)CC=C21,0.5650822696788137,67.42999999999999,3.0,2.0,3
C12CC1CC2C#N.CC(C)OC=C,0.5650812622048504,33.019999999999996,4.0,2.0,3
O=CNCC1CC=C=CC1N=O,0.5649264887820987,58.53,3.0,1.0,3
O=CNCC1CC=NC1C#N,0.5649025925116259,65.25,2.0,1.0,3
O=C1CC1CNC=O,0.5645848999471207,46.17,2.0,1.0,3
N=CNCC1C=C1C,0.5644422113498965,35.88,3.0,1.0,3
CC(CO1)C1CNC=N,0.5643736230035077,45.11,3.0,1.0,3
C12OCC=C1NN=CNCCC=C(CCC)CC2,0.5641325643413873,45.65,3.0,2.0,3
CNCC1CCOC1CC=N,0.5639850500507596,45.11,5.0,1.0,3
O1CCC1C2=CNNC2.CCC=NOCC#C,0.563721530795549,54.879999999999995,5.0,2.0,3
C1NC(C)C1OO,0.5635883909854282,41.489999999999995,3.0,1.0,3
CCNC1=NC=CN1C2=NC2,0.5635636899542328,42.21,3.0,2.0,3
C=CNCNC(=N)CC1OC1,0.5634464183672503,60.44,5.0,1.0,3
COCC(C(=O)C1C=O)=CC#C1,0.5633340317527639,43.370000000000005,4.0,1.0,3
O=C1CNC=CNNCCCNCCC1C=C=CCC=CC2=CC2,0.563307806092219,65.19,4.0,2.0,3
COCC1(CNO1)C=O,0.5630249251283388,47.56,4.0,1.0,3
C1C=CC(C(=O)C2OC)N=C2CC=C=C(C=C)C1=C,0.5626038978017049,38.66,3.0,2.0,3
CC(CCCC)N1C2CCNCN2C=CN(C=O)C1,0.5620829751194458,38.82,6.0,2.0,3
OOCC1C#C1.C=O,0.5619327820296292,46.53,3.0,1.0,3
C1OC(ON1CC)C=O,0.5615146715496685,38.77,3.0,1.0,3
O=CNCC1=C2N=C21,0.5613246053147357,41.46,2.0,2.0,3
C1CCN=CC(=O)CCCNC1=C(C)CC(C)=O,0.5613154178470382,58.53,4.0,1.0,3
NC1C(C)CC1NC=O,0.5612573266514322,55.12,3.0,1.0,3
NC=CCCN1NCOC1,0.5604697474923297,50.519999999999996,4.0,1.0,3
NC=CC1CC=N1,0.5604088488369187,38.379999999999995,2.0,1.0,3
CNC=NC1CN1C#N,0.5603377606752539,51.19,2.0,1.0,3
N1=C(CNC=O)CN(CC)CC=C1C,0.560244844738646,44.7,5.0,1.0,3
CCC1=NC(=O)CN1C=O,0.5601532479277446,49.74,2.0,1.0,3
CC(NCC#CNC1=O)NCCCC#CCCC=CC=C1C,0.5599502617932961,53.16,2.0,1.0,3
CNC(C1)C(NNC1)=O,0.5596031524368187,53.16,2.0,1.0,3
O=C(NC=CCCC1C=O)C(C)C12CC2C,0.559575683034404,46.17,3.0,2.0,3
COCC(N1NC)=CN=C1C,0.5595614928076262,39.08,6.0,1.0,3
O=C1C=CN(C1)N2C=C2NCNC=O,0.5594986927668857,64.45,4.0,2.0,3
C=CC=NC1=NC1OCCC,0.5594710488083123,33.95,5.0,1.0,3
NCCC1OC1(O2)C2,0.5593463124571387,51.08,3.0,2.0,3
N=CCOCC1C=NCNO1,0.5592533478412065,66.7,4.0,1.0,3
CCNC=1CCC=NCC=1N,0.5589034316214121,50.41,4.0,1.0,3
CC=CC=NC=CC1CON=NO1,0.5581336071949423,55.540000000000006,4.0,1.0,3
C12N=CC=CNC(C)N(C#CC=C1CCC)NC(=C)CC(=C)C2,0.5577085269562858,39.660000000000004,4.0,2.0,3
NC1=CC1CCCN,0.5576994452418838,52.04,5.0,1.0,3
NC1=CC=CCC1C=O,0.5573679641426375,43.09,2.0,1.0,3
COC1CC(C(C)C=O)ON(C)CC=CC1=O,0.5568964030257932,55.84,6.0,1.0,3
O=CCCC1C(=O)N=C1,0.5567618558061507,46.5,3.0,1.0,3
CC1(C)C=NCCC1=O.O,0.55662985638058,60.93,2.0,1.0,3
CCC=CN1CNN=C1NC=CC=C=NC2=CC=CC=C2,0.5563169907119516,52.019999999999996,6.0,2.0,3
C1OCC(=O)C1.OCCC=O,0.5561907017467411,63.599999999999994,3.0,1.0,3
CNCC1N=CCCNN1O,0.5558878962882078,59.89,4.0,1.0,3
CCCC1CC(=O)N=NN1,0.5558069809438754,53.82,3.0,1.0,3
O1CC(N)C1C=N,0.5557523348829505,59.1,2.0,1.0,3
CN1C=C(N)CNCO1,0.5557436266142334,50.519999999999996,2.0,1.0,3
C=CCC1COC(N)N1C=O,0.5555786471190528,55.56,3.0,1.0,3
CCNC=C(NC=C1C)CC2N=C21,0.5554269601154265,36.42,4.0,2.0,3
C=CCN1COC1N=NC,0.5553254589099559,37.19,4.0,1.0,3
CC(CC=C1N)(C)C=C1C2OOC=CC2C,0.5549066930347358,44.480000000000004,5.0,2.0,3
CN1C(=O)CCNC1C,0.5548039313746979,32.34,2.0,1.0,3
C12=C(N)C=CC1(C2=C=O)C=O,0.5546639815670006,60.160000000000004,2.0,2.0,3
ONCCN1CCCN1C,0.5542742692383219,38.74,5.0,1.0,3
NCNCCC1C=CC=CC1=CC=C2C=CC#CC2=O,0.5542405700213664,55.12,6.0,2.0,3
CC=C1NC(=O)CC1C=O,0.5540954458034887,46.17,2.0,1.0,3
CC(C)(C1NO)C1,0.5540437235283916,32.26,4.0,1.0,3
C=C1CC(NO)CC1=O,0.5540395867282326,49.33,2.0,1.0,3
O=CNCNC1C2CC2C1,0.5537305896938769,41.13,3.0,2.0,3
CC1NC2CC12NO,0.5536920790417904,44.29,3.0,2.0,3
CCCC1=C(N)C=NO1,0.5536050326651805,52.05,4.0,1.0,3
CCCC1OCC1=N,0.5532588943358422,33.08,3.0,1.0,3
O=C(C)NC=CC1=CC=NCON2CCCC12C=CC#C,0.5531924765860536,53.93,4.0,2.0,3
C1NC=CNC=NCC=C1CCC=O,0.5528621439440831,53.49,3.0,1.0,3
ONC(N1)C1,0.5528120321766767,54.2,2.0,1.0,3
CC=NOC1CC(C)C1=NC,0.552089649133413,33.95,5.0,1.0,3
C=C(C=C1C=C1)CN(CNNCNCC=CC=C2C)O2,0.5520618605296087,48.56,4.0,2.0,3
C1N(N)C1(C2)CN2O,0.5516815321711932,52.5,2.0,2.0,3
COCCC1=CCCN1NN,0.5516535626769512,50.519999999999996,6.0,1.0,3
N=CCC1CN1O,0.5514445886665201,47.09,3.0,1.0,3
CN=C=C=CC1N(O)CCCC(=C=CC=CC2=CC=C=C)C2CC1,0.5512472039404195,35.83,4.0,2.0,3
CC1(CN1O)CC#N,0.5511629626125759,47.03,3.0,1.0,3
O1OC(C=O)NCC[C@@H1]=CCC=C1CC,0.5511232782225902,47.56,3.0,1.0,3
O=CCC=C1N(O)NN1,0.5509048882400238,64.60000000000001,3.0,1.0,3
O1C(C)N1CCC(=O)NC=C=C,0.5508972961312752,44.64,5.0,1.0,3
C1C(N)=C=CN1C=CC=O,0.5508062656653732,46.33,3.0,1.0,3
O=CNN1N2CCCCC2C1CN,0.5507793266966793,61.60000000000001,3.0,2.0,3
N=C1COC1CON,0.550746772483324,68.33,3.0,1.0,3
CCNC=C1NC1C=O,0.5507267237070107,51.04,4.0,1.0,3
CC=CC1=C(N=NO1)CC2=C(C)CCN2C=O,0.5506751637006807,59.230000000000004,5.0,2.0,3
C1CNC=CC1CCCCCN=O,0.5505699071608295,41.46,6.0,1.0,3
N1C(=O)CN=C1CCC.CN(C2)C2,0.5503232108586018,44.47,4.0,2.0,3
CN1CC2NC1CN2O,0.5502022337409944,38.739999999999995,2.0,2.0,3
CNC1=CC(=C)N=C2C1C2N,0.5501645852504304,50.41,3.0,2.0,3
C1OCC=CCC(=O)CCNC=CCC=CC=CC=CC2=C=C=C=C(C)C=C1C#CC=CC=C2C,0.5501623078932142,38.33,2.0,2.0,3
C1NOC(C2C=CC1C2CNC=CC=C)C=O,0.550042605345582,50.36,5.0,2.0,3
C[C@H1]=NOC1CC(=O)C=C1C=O,0.5499136263022902,55.73,4.0,1.0,3
CCCN(C1)C1NC=O,0.5497528381258611,32.11,4.0,1.0,3
CC=CCCCNC=C(N1)C1,0.5497138492896068,33.97,6.0,1.0,3
CON=CN1C[C@H1]C(=O)CNCCCCCC=C1C=C2C=C2,0.5496970441886908,53.93,3.0,2.0,3
CNC=1CN=C(C=1)C=CC#N,0.5492870335344374,48.18,3.0,1.0,3
C1CCNC(N)N1O,0.5491689448108652,61.519999999999996,2.0,1.0,3
C[C@H1]C(C=O)C(C1CC=C)(NCCNC=CC=C2)C2=C1,0.5491347124139172,41.13,6.0,2.0,3
C=C(C=CNN)C=CN=C(C=CCCC#CCO1)CC1,0.5487691854775034,59.64,5.0,1.0,3
N#CCC1C=NC1CNC=C,0.5487290181328559,48.18,4.0,1.0,3
O=CCC1COOC1OC,0.5486841902750227,44.760000000000005,4.0,1.0,3
O=C=CCNC1CNC=CC(=C)C=C=C=C=CC=C1,0.5485295744104329,41.13,3.0,1.0,3
CC=CN=C1C(=O)CCNC(C)C(C)=CCOC1C,0.5484947123663169,50.69,5.0,1.0,3
CC(=O)C=CC=CC=C1N(O)CC1C=O,0.5484132622501057,57.61000000000001,6.0,1.0,3
CC=C(N=O)CC=CCC1CCC2CN2C=NC=CCCNC1=C,0.5480057801053853,56.83,6.0,2.0,3
COC1=CCN1C.CNC=O,0.5478777986703007,41.57,4.0,1.0,3
CC(=O)N1CCCC1N,0.5478173621025155,46.33,2.0,1.0,3
CC1NC=CN=C1C=O,0.5473234959739952,41.46,2.0,1.0,3
O=CCCC1NC=CC1C=O,0.5471292210972183,46.17,4.0,1.0,3
ONOC(C1)C1=N,0.5470917142006366,65.34,3.0,1.0,3
C1=2CCC1NC(=O)C=2.C=CCC=O,0.5470331431863307,46.17,2.0,2.0,3
N1OCCC=C(CC(=O)CC1(C)C=CC=CC2)NCCNC2C,0.5467529418236985,62.39,2.0,2.0,3
C=C1CC1CC=CC=C.N=CC=CCC2OC=C=C2,0.5467273301119473,33.08,6.0,2.0,3
C#CCCCC1CCN=C1NC(=O)C2CC=C=C=C2C,0.5467233199877792,41.46,5.0,2.0,3
CCNC1C=N1.O,0.5461381130466163,55.89,3.0,1.0,3
CNCCC(OCCCC=CC=CCCN1)C1=CCN=C,0.5459352513576823,45.65,6.0,1.0,3
C1NC=CC(N=C1)COC,0.545924247951433,33.620000000000005,3.0,1.0,3
C1=CNC(C)C1(N)C=O,0.5458289500097577,55.12,3.0,1.0,3
COCN=C(C(C1)CC)NN1C2CC=CC=CC=CC=CCC=CC=CC(=C)C2,0.545439286635827,36.86,6.0,2.0,3
COCN1C=NNCCO1,0.5453662403761956,46.09,3.0,1.0,3
CC(=O)N1C=CNN1CC=O,0.5451515654767449,52.650000000000006,3.0,1.0,3
O=C(CCC=C1NCCC=O)CCCCC=CC=C1CC,0.5447135046294321,46.17,6.0,1.0,3
C1N=NCC=C1CC=CNCC=O,0.54427498254526,53.82,5.0,1.0,3
CC=CC=C1C=C=CNC1N=O,0.543876674978466,41.46,3.0,1.0,3
C1NC=CC=C(CC1=O)CCC=O,0.5437430040060264,46.17,3.0,1.0,3
CCOC1C(C)CCC=NN1,0.5434629150550804,33.62,4.0,1.0,3
C1OCCC2C1CC(NC(=C)C=CCCC=O)CC=CC#CCCC=CCCCCC=CC=CCCCC2,0.5428099745502293,38.33,6.0,2.0,3
O=CCN1OC1C#N,0.5425808483611126,56.4,2.0,1.0,3
CN1COC=C1OC.CNCC2=CCCC2=O,0.5425692492588782,50.800000000000004,6.0,2.0,3
O=C1NC(=O)C=CC=CC=CCC1C=CC=CC=C(S)C,0.542365610093773,46.17,5.0,1.0,3
C1CC=NCSC1NOCC=C=CC=C2NCC=C2,0.5419339829078431,45.650000000000006,5.0,2.0,3
NCOCC1OCCO1,0.5418582217481059,53.71000000000001,4.0,1.0,3
C1COC1C=O.OC(C)CC,0.54177323342279,46.53,5.0,1.0,3
CC1CCNC1CONC=O,0.5415982620962477,50.36,4.0,1.0,3
CCCC1ON=NC1=C,0.5413540065103196,33.95,3.0,1.0,3
C1CC=CC(=O)N=C(C)C2=C1CC(C)N2OCCC#C,0.5413097275008348,41.900000000000006,5.0,2.0,3
CCC#CC=O.C=C(C)NC1ON1,0.5413021826771045,63.57,4.0,1.0,3
C12C=NC(C1CC=CC=O)(C)CCC(CN)NC=C=CC=CC=CCCC2,0.541066531905845,67.48,6.0,2.0,3
C12CCCC=C1N2.C(=O)CCOCCC=O,0.5410655488827744,65.31,6.0,2.0,3
CC=NC=CCCC=1CC=CS(=O)(=O)NC=CCCC=C=1,0.5409874446243601,58.53,5.0,1.0,3
CC=CC1=CC(=O)NN1C=O,0.5409776094770884,54.86,2.0,1.0,3
NCNC=C1CCOCC1C=O,0.5408325011953645,64.35,4.0,1.0,3
C1C(=N)N1CCCC=O,0.5407109812988897,43.93,4.0,1.0,3
OCC=C=CC=C.NCC1CC1C=O,0.5407016417712442,63.32000000000001,6.0,1.0,3
OOCCC=NC1C=C1,0.5406542663520401,41.82,5.0,1.0,3
CC(C)N1CNC=C=C1N,0.5405602603330342,41.29,4.0,1.0,3
C=CN(O1)C1NNC=O,0.5402124026000275,56.67,3.0,1.0,3
O=C=CC=C=C=C(NC=CC=CCC(N)(NC=CC1)C)C=CC#C1,0.5401551547538843,67.15,3.0,1.0,3
COC1CC=N1.CCC2C=CNC2C,0.5399916264974085,33.62,5.0,2.0,3
CCCC1CC2=CNNC1N2C=O,0.5398973143718745,44.37,3.0,2.0,3
CN1CCC=C(C=O)C=CNC=CC=C1C=C,0.5396150281411987,32.34,3.0,1.0,3
CNCNC1=NC(C)N1,0.5392727593440582,48.45,4.0,1.0,3
O=CNC1=CC=C=C=CCNCCC=CC=C1C=CCC,0.5391593999495445,41.13,4.0,1.0,3
CNN(O)CC1CC1,0.5386990287660451,35.5,5.0,1.0,3
N1C2(C)CC2N1O,0.5383465472859211,35.5,2.0,2.0,3
CCOCC(=C12)C1N2,0.5380914519344534,31.17,4.0,2.0,3
CC1(N)CCN1C=O,0.5379467228754237,46.33,2.0,1.0,3
C=CC(C1)=C2C=CCC1OOC(C)OCCC=C2C(C)=C=CC=CC=O,0.5374678669119297,44.760000000000005,6.0,2.0,3
O=C=CNC1(C)NCO1,0.5374595091345749,50.36,3.0,1.0,3
CCOC=C(C=O)C=O.C1CCOC1,0.5373954881099746,52.60000000000001,5.0,1.0,3
C=CCCOC1OC1C=CCC#N,0.5372446781645426,45.55,6.0,1.0,3
O=C(CCCCNCC1=O)COC1C=CC2CC=NCCC=CCCC=C2CC=CCC=C,0.5371914677241141,67.76,6.0,2.0,3
C1CN1NC2CCCC2.OCCC#CC=O,0.537138513800232,52.339999999999996,4.0,2.0,3
C=1C=CC=C(CC=1)NO,0.5369484028567129,32.26,2.0,1.0,3
CC(C)(OCC1)C=C1C(=O)CC=O,0.5364309016893639,43.370000000000005,5.0,1.0,3
C=CNC1NCCCOC1C,0.5360633561636131,33.29,3.0,1.0,3
O=C=CNC1C[C@H1]C=C1C=O,0.5359040566327775,46.17,3.0,1.0,3
C1OCCCCC(=O)C=CC1CNCCC=O,0.5356743179542389,55.4,5.0,1.0,3
CC1=C(C1CC=O)CC=NC=O,0.5354223417673425,46.5,5.0,1.0,3
CC=CC=C1CN[NH1]CO1.C=C=C=CNCC,0.5353305968855187,45.32,5.0,1.0,3
CCCC=NN1CC1=O,0.5352540170519102,32.44,4.0,1.0,3
C=1C(=O)CCC=CC=1CN=CN2CNC=CC2(C)C=CC#C,0.5351358791797924,44.7,4.0,2.0,3
O=CC1CCC1CC=NC=O,0.5351228080249993,46.5,3.0,1.0,3
C12CCCC=C2CC(=O)COCC(C)C=CC=CC1C=O,0.5350669727104617,43.370000000000005,2.0,2.0,3
C1C(C)C1C.COC=CC2OC2C=O,0.5348672551167095,38.83,6.0,2.0,3
O1OCOC2NCC=CCC=C1CCCC(C=C2)CC,0.5342551016131477,39.72,2.0,2.0,3
C1N(CO1)C2(CCCN=C2NCCC)C,0.5335996184761188,36.86,5.0,2.0,3
C1CCC1C(=N)OON,0.5335414711472127,68.33,3.0,1.0,3
CCCNC1=NC=NC1,0.5332444761795385,36.75,3.0,1.0,3
C1NCC(N)C=CN(CC=C1C(=O)C)C,0.5332425616488836,58.36,4.0,1.0,3
C1C(N)(C)N1C=O,0.5327985265023698,46.1,2.0,1.0,3
C1=CNC1NOOC,0.5323894995258482,42.519999999999996,4.0,1.0,3
CCC=C(N(N(C)C=O)C=O)C(CCC1=O)C1,0.531990726091214,57.690000000000005,5.0,1.0,3
C1CC1=C.N=COCC=NNCCC=C,0.5317285038877132,57.47,6.0,1.0,3
CCC1C(=N)N(O)NN1C,0.5315860368437556,62.59000000000001,4.0,1.0,3
CC=C1C=CC1N(O)C=O,0.5312190970970809,40.54,3.0,1.0,3
CC1=C2C=C2CN1C=O.CCNCCC,0.5307179562267466,32.34,6.0,2.0,3
C1CONC1CCOCC=O,0.5290550099036231,47.56,5.0,1.0,3
CC1N(OCN1)O,0.5288592843836394,44.730000000000004,2.0,1.0,3
CC1CN=CN1OCOC,0.5286819432580517,34.06,5.0,1.0,3
CC(O1)OC1N,0.5284418788560002,44.480000000000004,2.0,1.0,3
CN(C)CC(=O)N.CC1=C=C1C=O,0.5282434037168774,63.4,6.0,1.0,3
CCCNCOC1CC=NN1,0.5279365908326751,45.65,6.0,1.0,3
C1NC(=O)C1C.CCCCCC=O,0.5275352272725642,46.17,6.0,1.0,3
CC=C=CCNNC=O.CNC1CCC#C1,0.5275084214451884,53.16,6.0,1.0,3
CC=C(NC=CCC=O)C1=C=CC=NC1=C,0.5271264361281225,41.46,6.0,1.0,3
C1CCC(=O)C=C1N(CCC=O)CC=C=C=C=C,0.5268397686918092,37.38,6.0,1.0,3
CN=CC(C1=NC12)O2,0.5265689154075215,33.95,2.0,2.0,3
O=CC=CNC1OC1,0.5264265508932866,41.63,3.0,1.0,3
CCCCNC1CCC1C(C=CC=CC=CC2=CC#CN)C2,0.5256584721390591,38.05,6.0,2.0,3
C1OC2CC2(C1C)ON,0.5255736951406003,44.480000000000004,3.0,2.0,3
C1OCCCC=CNC=N1.CCCCNC=O,0.5254858086115526,62.72,4.0,1.0,3
CCC=C1NC1(C#N)C,0.5254396512702122,45.730000000000004,3.0,1.0,3
CCC1=C(N1)CCCC=O,0.5254278074989092,39.010000000000005,6.0,1.0,3
NCOC1NC=CC=C1,0.5253415037863711,47.28,3.0,1.0,3
CC(=O)CCN1OC(CCN1C=O)C2=CC=CC=C2C,0.5253270921750297,49.85,6.0,2.0,3
COC1CNCO1,0.5252869939768472,30.49,2.0,1.0,3
CC(=O)C1CC1.CC2(C)CCC2O,0.5249788486993053,37.3,5.0,2.0,3
COCC(C=CC1CC1=O)C=O,0.5243236693803798,43.370000000000005,6.0,1.0,3
COC1C=CC=CN=CS(C)=CC(C2=O)C21,0.524215629738134,38.66,3.0,2.0,3
COCC(CC1=O)C=CC1CCN,0.5240079569586339,52.32,6.0,1.0,3
CC1OCCOC1C=O,0.5238775701761895,35.53,2.0,1.0,3
CNC(CC)(O1)C1C.C2CCCOC2C,0.5234873917302378,33.79,6.0,2.0,3
O=CCCC1OC1C#N,0.5234698367597524,53.39,3.0,1.0,3
CCC1=C=CNN1C=O,0.5233979386838857,32.34,2.0,1.0,3
CCC(COON1)C1=O,0.5232970031034766,47.56,2.0,1.0,3
C1CC(C)NC1=O.CCCC=O,0.5231814803756226,46.17,4.0,1.0,3
C1OCC1CNCC=CC=CC=O,0.5229282575132992,38.33,6.0,1.0,3
CCC(=O)NCC1NC1.CCC=O,0.5226855051600531,68.11000000000001,6.0,1.0,3
C1=CCC=C1N.C2CN2COCC,0.5225686414039042,38.26,5.0,2.0,3
NCNC(=N1)C1,0.5225644504106552,50.41,2.0,1.0,3
CON=CC(C1)=CN=C=CC1N=O,0.5220709970689993,63.38,4.0,1.0,3
CC1(N=NOC1)C,0.5219311892878409,33.95,2.0,1.0,3
CC(C)NC1NC=NC1C=O,0.5214551419148962,53.49,5.0,1.0,3
O=CCC=CC=CC=CN=CC1=CN1C=O,0.5209437394544623,49.51,6.0,1.0,3
CC1NN(C=O)C1C(=O)CC=NC=C,0.5209396701817717,61.77,5.0,1.0,3
NC(C)C1=C=C=CC=C1NC2CO2,0.520253919677841,50.58,5.0,2.0,3
C1C(=O)N(CC)C1=O,0.5201476117176048,37.38,2.0,1.0,3
CC=CNNOC1CNNO1,0.5200903559553856,66.58,5.0,1.0,3
CC=CC=C(C=O)NC1OCCCC1=C,0.5200864421160705,38.33,5.0,1.0,3
O=C1CC1CNNC=O,0.5200683966563888,58.2,3.0,1.0,3
C1=CC(C)N1CCON,0.520019728260454,38.49,5.0,1.0,3
CC1CC(=O)N1NC=O,0.5199215977395796,49.410000000000004,2.0,1.0,3
NCOC1C#C1,0.5197705085503086,35.25,3.0,1.0,3
CC1ON(O)N1C=O,0.5197154762594521,53.010000000000005,2.0,1.0,3
OC1NC2(O)CC=CC12.C=O,0.5196867747739706,69.56,2.0,2.0,3
O=CCCC(N)C1ONC=CC1=C,0.5196261916394653,64.35000000000001,5.0,1.0,3
CCOC1COC12CCCN2,0.5191847068116663,30.490000000000002,3.0,2.0,3
C=C(N=C=C=CCCCN1NCCC2OCC)C2C=CC1C,0.5188709790272867,36.86,4.0,2.0,3
CC1CC1CCON=O,0.5187307010462648,38.66,5.0,1.0,3
CCCCCC1ONC(=O)C1,0.5184722844374019,38.33,5.0,1.0,3
O=CCC1CC2CC2O1.OCCCC#CC,0.5184178625720214,46.53,5.0,2.0,3
OC1NC(=C)CN1C=O.CCC=O,0.5181895021903891,69.64,3.0,1.0,3
N1=CCCOC1.CCOCCC=O,0.5178296778811989,47.89,5.0,1.0,3
C1OCCCCCCC=C1C(NCCC=C)C=O,0.5177295627003153,38.33,6.0,1.0,3
C12CCC1N=C2.OCOC(=O)CC,0.5177263214977472,58.89,4.0,2.0,3
O1CCNC1(CC)N,0.5176146481117494,47.28,3.0,1.0,3
C1C2OCCN1ONCCCCN2CCC=O,0.5170789661749778,54.040000000000006,3.0,2.0,3
CC=COC(C1C=NC)CC1.O,0.5170292795620445,53.09,5.0,1.0,3
CN=CCC1OCNO1,0.5167000981896437,42.849999999999994,3.0,1.0,3
O1C(N)C1COC,0.5165284708422869,47.78,4.0,1.0,3
O=C(C1O)CCN1.CC=O,0.5164831792077801,66.4,2.0,1.0,3
O1CCCCCOC1N.CC(C)CC=O,0.516322053460596,61.550000000000004,5.0,1.0,3
CCC=O.OCC(C)C1C=C1,0.515279176923541,37.3,6.0,1.0,3
C=CNC1=CN1CC#N,0.5148369734337189,38.83,3.0,1.0,3
CCC=C1CC(=O)C1=O,0.514673906290601,34.14,2.0,1.0,3
CC1=CC(O)C1=NC.[C@H1]=CCC=O,0.51454023484959,49.660000000000004,5.0,1.0,3
CC(C1)C=CC=C1CON=O,0.514532789263968,38.66,4.0,1.0,3
OCCN1NCOCC1.O=CCC,0.5135188544712657,61.800000000000004,5.0,1.0,3
CC1CC(=O)N1NC,0.5134365204843557,32.34,3.0,1.0,3
C1OC=CC=C1C.NC=CC=CC=CC,0.5130356163153537,35.25,5.0,1.0,3
O=CC1NCC1OCCC#N,0.5128479687505444,62.12,4.0,1.0,3
O=CC(=O)C=C(C=C)C1=C=C=CC=C1,0.5125433858238111,34.14,4.0,1.0,3
O1CCCOC=CC1O.C=CC=O,0.5122978511791192,55.76,2.0,1.0,3
O=CC(=O)C=CC=CC1=C=C1CN=O,0.511902650007728,63.57,6.0,1.0,3
C1=C=C1N=CCCC(=O)N2CCCN2CC=CC#C,0.5117654728446236,35.910000000000004,6.0,2.0,3
O=C.NC=CC=CC=C1NC1,0.5109797910237893,65.03,3.0,1.0,3
C1CC=C(CC=O)ON(C)OC=CC=CC#CC1,0.5105885764427085,38.769999999999996,3.0,1.0,3
O=C(C)C1CC=CN=CCCCC=C=C=C=C1C=CCC2OC2,0.5105337172622435,41.96,5.0,2.0,3
NC1OC(C)CCN1C,0.5100527203825027,38.49,3.0,1.0,3
O=CCOC1CCC2N=C21,0.5099320843286026,38.66,3.0,2.0,3
O=C1CC1=NONC=CC=O,0.5090988959575482,67.75999999999999,4.0,1.0,3
OC1CC=CNC1C.CCN2CC2C,0.5086898631215009,35.269999999999996,5.0,2.0,3
O=CCC1CNCCC1C#CC=O,0.5086524660592826,46.17,2.0,1.0,3
C=C(C)CC1CCNC1.C=CC=C2CC=NC=CNC2,0.5080940808458196,36.42,4.0,2.0,3
COCC1CCCCOCN1,0.5079126946699616,30.490000000000002,3.0,1.0,3
O=C1CC1CC=N.CCC2=CC2N,0.5075283666404221,66.94,5.0,2.0,3
COCCCC1CN1,0.5072790377478658,31.17,5.0,1.0,3
C=CCNC1CCOCC1C=O,0.5070323275816606,38.33,4.0,1.0,3
CN(C=O)NC1CC1,0.506619547230214,32.34,3.0,1.0,3
O=CCNCC1CC2CC2O1,0.5066092974788147,38.33,4.0,2.0,3
C1CCC1CN(N)C=O,0.506224623218354,46.33,3.0,1.0,3
C1COC(C(C)NCC1CC(C)=CC=O)C#C,0.5061663473671909,38.33,5.0,1.0,3
O=CCCC1=C=CC=C2CCOCC2CCN=C1CC=O,0.5059531127045467,55.73,5.0,2.0,3
C1OCC(C1C=O)C=O,0.5056033130355608,43.370000000000005,2.0,1.0,3
C1CCNC1(COC)NCC,0.5054724779720758,33.29,6.0,1.0,3
C1OCCN1NCC=O,0.5054411811919846,41.57,3.0,1.0,3
COCOC1C(C)NC1C=O,0.5050328717341569,47.56,6.0,1.0,3
O1OCCCC1NC.CNC=O,0.5048385263977059,59.59,3.0,1.0,3
CC=O.C=CC1C(O)C=CC=C1,0.5044950235437153,37.3,3.0,1.0,3
CCCC1NC(C)NN1C=O,0.504413166827827,44.37,4.0,1.0,3
CCC1CCN(N1)C=O,0.5037038658203992,32.34,2.0,1.0,3
CC1OCC1=NCOCC,0.5035066991625119,30.82,5.0,1.0,3
C=1CC=1C(=O)C=N,0.5034399207179323,40.92,2.0,1.0,3
C1C(CC=NN)N1CC,0.5029981830834902,41.38999999999999,5.0,1.0,3
C1C=C2C=CN1C2OCN=CN=O,0.5029236400730203,54.26,3.0,2.0,3
N=CC1CCCC1NC,0.5028676679340256,35.88,3.0,1.0,3
CNC1CC=COO1,0.5025161685674631,30.49,2.0,1.0,3
CC1OCC(=NC)CO1,0.5022677313947541,30.82,2.0,1.0,3
CNC1NCCC1OC,0.5022267536697196,33.29,4.0,1.0,3
CC1(N)NCCCOC1,0.5021889743319461,47.28,2.0,1.0,3
O=C(CCC1)CC1.COC(CN2)C2=O,0.5021664827225593,55.4,2.0,2.0,3
CNC1COCCC(N)C1,0.5020134103289753,47.28,3.0,1.0,3
COC12C(CNC1)C2C=O,0.5017463388514559,38.33,3.0,2.0,3
CC1C=CC(C=NN1)N.CC(C)NC,0.5014904554353732,62.44,6.0,1.0,3
C1N=C(C)C1CCCCC(COC2)NC2,0.5011778220358406,33.62,6.0,2.0,3
C=C1C=NCCC1C=O.CC(C)OCC=C=C,0.5011515613523208,38.66,6.0,1.0,3
CCNC(O1)NC1,0.5011373354695146,33.29,3.0,1.0,3
CCOCC=O.CC1CCCC1NC=O,0.5008352943750158,55.400000000000006,6.0,1.0,3
NCCOCOC1CC1,0.5007499161373921,44.480000000000004,6.0,1.0,3
CNCC1OCON1C,0.5007078151599752,33.73,4.0,1.0,3
C1COC1CC(N2)C2,0.5005595552961438,31.17,2.0,2.0,3
CNCC1COCCOC1,0.5005112317894058,30.49,3.0,1.0,3
C1CCNC1CCC=N,0.5004655486923973,35.88,3.0,1.0,3
CC1OCC(C=N1)C=O,0.500460919072506,38.66,2.0,1.0,3
CCCOC1NC1(C)N,0.5003723095093677,57.19,6.0,1.0,3
C1C(C)CCNN1NC=O,0.499984873061011,44.37,2.0,1.0,3
O=C1CNC2NC#CC12CCC=O,0.49994081174183524,58.2,3.0,2.0,3
CCCOCC1CC1N,0.499782713774095,35.25,6.0,1.0,3
O=C1C(C=C=C=C1C=CC)=C=O,0.49962019247371375,34.14,2.0,1.0,3
N=CCCCNC1C=C1,0.4996160975667109,35.88,5.0,1.0,3
N=CCCC=C1C=C1CC#N,0.49960551246642326,47.64,4.0,1.0,3
N=CCC1CNNC1C=O,0.4996042502956933,64.98,3.0,1.0,3
NC(C)C1COCO1,0.4995677363173522,44.480000000000004,3.0,1.0,3
O1CCC1COCCNC,0.499400421192999,30.490000000000002,6.0,1.0,3
CNCOCOC1CNCC1,0.4991799533067435,42.519999999999996,6.0,1.0,3
N=C1CCC(CC)NN1,0.49861963391240605,47.910000000000004,2.0,1.0,3
NC1(C)CCCOC1,0.4985532087374957,35.25,2.0,1.0,3
CC1COCC1N,0.49823991357149977,35.25,2.0,1.0,3
N=CC1NC1C,0.49797172342751334,45.790000000000006,2.0,1.0,3
N=CC1NC1C=O,0.4979567662704055,62.86000000000001,2.0,1.0,3
C1OC(C2CCCC=C2COCC1NC)CC#CCCCC=C,0.4977135745878865,30.490000000000002,6.0,2.0,3
C12OCCCC(C)C1N(C)CCCNCNC(C)(C)NCCC2=C,0.4975387528756041,48.56,4.0,2.0,3
CC1(NCOC1C2)CN2N,0.4972765198003165,50.519999999999996,2.0,2.0,3
C=CC=NC1CCONCO1,0.4968695697242417,42.849999999999994,2.0,1.0,3
CCC=CC1=CN=CN1C=O,0.49686432969487304,34.89,3.0,1.0,3
CC(C)OCNC1CO1,0.4968290629429731,33.79,6.0,1.0,3
N1C=C1C=C.NCCCC=C2C=C2,0.49649508258878094,47.96,5.0,2.0,3
N=C(C)CC(=O)C1CC1,0.4963900823158274,40.92,4.0,1.0,3
O=C1CC(CCC=O)(N)CC=C=C1C=CC#C,0.49632955587496197,60.16,5.0,1.0,3
CCOOCC1CC1=N,0.4961469748971199,42.31,5.0,1.0,3
C1N=CC1C=NCOCC.C=CC#CN,0.4956060696565935,59.97,5.0,1.0,3
CCCC12CNCC1OCO2,0.49553409743094123,30.49,3.0,2.0,3
C12CNC1C2(C)OCCC=O,0.4954130579868018,38.33,5.0,2.0,3
O=CCC1OCO1,0.495354934443848,35.53,2.0,1.0,3
CC(N)C=NC1=CC2OC2C1C=O,0.49514072547761934,67.97999999999999,5.0,2.0,3
CC(N)C(=O)C(C1)N=C1,0.4951187685131906,55.45,4.0,1.0,3
CCCC(CO1)C12CN2,0.4949910637290278,31.17,3.0,2.0,3
CCCN(O1)N1,0.4947149039877292,33.86,3.0,1.0,3
C1NCN1.CCC2OC2C,0.4946737168276266,36.589999999999996,3.0,2.0,3
C1ONCNC(C)N1C=CC=C=CC=CC#CC,0.49447543035946073,36.53,4.0,1.0,3
O1CC1NCC(N)C=O,0.4942640676697797,67.65,5.0,1.0,3
CCCC1=NCCNNC1=N,0.49418256618328393,60.27,3.0,1.0,3
C1CN=C1CCNN=C,0.4934925223879446,36.75,4.0,1.0,3
C1CCC1(COCN)C=O,0.49345471901522664,52.32,5.0,1.0,3
O=CCSC=C=CC(=O)C1=C2CC=CC21C,0.4926664042989029,34.14,6.0,2.0,3
C1N=CCC(CC(=O)C=O)C2CC2CC=CC=CC=CCCCCCCCCC1,0.4925058198476178,46.5,3.0,2.0,3
CCCNN1COCN1,0.4924795409202808,36.53,4.0,1.0,3
CCC1CNN=C1C=CC=O,0.4923863827750342,41.46,4.0,1.0,3
CC1OC(CN)C=N1,0.4923783315609577,47.61,3.0,1.0,3
C1COCN1C=CN=O.CC2C=CCCO2,0.4923375988660761,51.129999999999995,3.0,2.0,3
N1CNCCCC1.CC=CC2CO2,0.49217121354306137,36.589999999999996,2.0,2.0,3
C1COCN1C=N.C=CC=CCCC=O,0.4921353581948694,53.39,4.0,1.0,3
NCOCC1CO1,0.4912469860501504,47.78,4.0,1.0,3
CCC1COCNC1CC#N,0.4907434229990304,45.05,3.0,1.0,3
CCNC1CCNCOCC1,0.49070637805071166,33.29,3.0,1.0,3
CCC1C2=C1C2=O.C(=O)C,0.49033264911006613,34.14,3.0,2.0,3
C1CN2CC=C2O1.NNCCCC=O,0.4902579998086529,67.59,5.0,2.0,3
C1C=NNCC=C1CC=O,0.4901591378899618,41.46,2.0,1.0,3
CC(C1)=C1ON=O,0.4886027789071992,38.66,3.0,1.0,3
CCCN1CC2=NCC=C1C2CCC=O,0.48845008137501256,32.67,6.0,2.0,3
C1ONN(C)C1N,0.48814266982234067,50.519999999999996,2.0,1.0,3
CC(O1)C1NCCC=O,0.48801654853219084,41.629999999999995,5.0,1.0,3
O1C(C)C1NCCCC=O,0.48800496633033386,41.629999999999995,6.0,1.0,3
O=C(C=CCCN)CC1CCN=N1,0.4872408234954077,67.81,6.0,1.0,3
CCC(N)C1OCC=C1,0.48724012554272944,35.25,4.0,1.0,3
CCCCC1NCOCC=N1,0.4872241428277253,33.62,4.0,1.0,3
O1C(CN)C1C,0.4869976749765496,38.55,3.0,1.0,3
O=CCCC1NCCO1,0.4868788010298287,38.33,3.0,1.0,3
NCOCC(C1)C1,0.4868747287846146,35.25,4.0,1.0,3
C1N=CCC1COCN,0.48678994017057703,47.61,4.0,1.0,3
CNCC1NCOC1C,0.4865913142492093,33.29,4.0,1.0,3
O1CCCOC(C)O1.O=CC=CC=CC2=CC2CC,0.48639938609720623,44.760000000000005,6.0,2.0,3
NCCC1CNCO1,0.4862733658964289,47.28,3.0,1.0,3
C1OOC1ONN(C)NC,0.48596869250583813,54.99,6.0,1.0,3
C1N(C=C)NC=C=C=CC(=O)CC=C1C,0.48549728439623013,32.34,2.0,1.0,3
CC(=O)CC1CNN=N1,0.48505606695419085,53.82,3.0,1.0,3
C1NC12CCCCC2CCC=C=CC=C=C=O,0.4845005702554579,39.010000000000005,4.0,2.0,3
CCCC1NC=NCCO1.CCNC,0.4836472411045778,45.650000000000006,6.0,1.0,3
NCOC1CC1CCC=O,0.48363219515335854,52.32,6.0,1.0,3
C1=C(C)C1(ON)C=O,0.4827068003197872,52.32,4.0,1.0,3
C1=CCO1.CCCCNOC=O,0.48228319097346045,47.56,5.0,1.0,3
C1COC1(N)CCC=O,0.4818008937955405,52.32,4.0,1.0,3
C1C(OC1CC=O)N,0.48174583502995033,52.32,3.0,1.0,3
O=C(C)COCC=O.C1OC(C)O1,0.48164874230145494,61.830000000000005,6.0,1.0,3
CCC(CCC1N)O1,0.48129282750807784,35.25,3.0,1.0,3
C1C=CC=CC=CC(=O)C=CS1CC=O,0.4811135903005919,34.14,2.0,1.0,3
CCC1C=C(C)NOCN1,0.4810689291745115,33.29,3.0,1.0,3
CCC(CC=COOCC1=CC)CC=N1,0.4809155496225791,30.82,3.0,1.0,3
CNC1ONOC1CC,0.4807667234116181,42.519999999999996,4.0,1.0,3
CC1OC(N)C1CC=O,0.48070874111252404,52.32,4.0,1.0,3
O1C(C)C2CC21N,0.47969508176810366,35.25,2.0,2.0,3
C1CN1C=NCN,0.47954783807623824,41.39,2.0,1.0,3
O=C(C)C(N1)=C1.CC#CCC=O,0.47925437709272545,56.080000000000005,3.0,1.0,3
C1C=C=NCCN1NNCN,0.4788604729743869,65.67999999999999,4.0,1.0,3
CC1CC=NC1NC#N,0.47851140740585363,48.18,2.0,1.0,3
N=CN=CCC1=C=C1,0.4783647731049111,36.21,2.0,1.0,3
CC1CCC=N1.OC,0.4782956680188734,32.59,2.0,1.0,3
CCC1=CC=C(C1=O)C=CC(C)C=C=O,0.47746252343125356,34.14,6.0,1.0,3
NC1CC1ON,0.4762671877328222,61.269999999999996,3.0,1.0,3
O=CCC1NCO1,0.4747064088434811,38.33,2.0,1.0,3
CC1NOCC1CNC,0.47444626110693355,33.29,4.0,1.0,3
CC=NCC(CN1)O1.CNCC(CCCC2)C2,0.4743855818155631,45.650000000000006,6.0,2.0,3
C1=CCCCNC1.NC(=O)NCCC=CC2CC2=C,0.47417531552976794,67.15,4.0,2.0,3
O1CN1C=NCC=O,0.47337973510096887,44.97,2.0,1.0,3
C1COCNC=C1C=C.C=CCC2CNCNC2C=N,0.4732760668039161,69.16999999999999,4.0,2.0,3
CCN(C)N1CNN=C1,0.4732519291060012,30.869999999999997,4.0,1.0,3
NCOC1CCCCCCN1,0.47320945518822527,47.28,3.0,1.0,3
N=C=CCC1CONO1,0.4724539058464513,54.34,2.0,1.0,3
COCC1CN1C(OC2)C2.CC(=O)NC,0.47215202651405236,50.57,6.0,2.0,3
C1NC(C)C(=NC1)C=O,0.47183847321925615,41.46,2.0,1.0,3
C1CN1COCN,0.4717960946485511,38.26,4.0,1.0,3
O=C(CC=CC=C)C=CC1=C=CC(C)C1=O,0.4717591155369475,34.14,6.0,1.0,3
C1CCC(C1=O)=CCNCCC=O,0.47092939814695456,46.17,5.0,1.0,3
CCCC1(CN)CC1=O,0.47075089091121675,43.09,5.0,1.0,3
C1N(NC(C)CCCC2=C1C=C=C2C)C(C=O)=C=C,0.470463018402998,32.34,4.0,2.0,3
CC(NCC=C)=C=CC=C.C1(N)CCC=N1,0.4704238724528343,50.41,6.0,1.0,3
C12=CNC1CCC2.CC(C)=N,0.4703881835243644,35.88,2.0,2.0,3
C1C=COCNN1C.CNCCC=O,0.46991457884476373,53.6,5.0,1.0,3
O1CN1C=C=CC=CC=O,0.4695370678208003,32.61,3.0,1.0,3
CC1(C)C(=O)C1N=CCC=O,0.4689380537758952,46.5,5.0,1.0,3
COC=C=O.C1CC=CCC1C=O,0.4688382584852914,43.370000000000005,3.0,1.0,3
CNCC1NCCCCC1=O,0.46829222380800917,41.129999999999995,3.0,1.0,3
C1=CN1NC(C)NCN,0.4682258704662794,53.09,6.0,1.0,3
N#CC1(N)C=CN=C1C,0.4678468132846767,62.17,2.0,1.0,3
C1C(=O)C1CN,0.4676892775205974,43.09,2.0,1.0,3
O=CCC=C1NC1C.C=O,0.467589785666942,56.080000000000005,3.0,1.0,3
C=COCN1COCO1.CC=CC=O,0.46734762948671177,48.0,5.0,1.0,3
C1C(CN)C(=O)C1,0.4665295902589553,43.09,2.0,1.0,3
O=C1CCC1CN,0.4665295902589553,43.09,2.0,1.0,3
CC1N=C(C=CC(=C)CC=C)C=CNO1,0.46652092439231285,33.620000000000005,5.0,1.0,3
CC(=O)C1CSNO1,0.46621336682738873,38.33,2.0,1.0,3
C1C(C)C=CNC=NC1.CC=CC=O,0.46538093168187455,41.46,3.0,1.0,3
C1C(N)C(C)C1=O,0.46496586330163014,43.09,2.0,1.0,3
CC=CC1=NNOC1C=C,0.46482966821876204,33.620000000000005,3.0,1.0,3
C1OCC1ONC.CCC#CCC2NC2,0.4646296569350442,52.43000000000001,5.0,2.0,3
C1C(=O)C(CC)=CCC1=O,0.464267403680527,34.14,2.0,1.0,3
CCNOCC1CN1,0.4636609742217779,43.2,5.0,1.0,3
CCCC1CCCNONO1,0.46349376221995364,42.519999999999996,3.0,1.0,3
C1NC=CC=C1N=C.CCCCC=O,0.463288941174759,41.46,5.0,1.0,3
C1CN2CCCC2NC=CC1.CCC(C)NCC#N,0.46304526580063465,51.09,5.0,2.0,3
O=CC=NC=CC(CC1(C=O)C)=C1C,0.46295506734894537,46.5,6.0,1.0,3
CCCCC(=O)C(=O)C.C1=CC=CC12NO2,0.462940764278408,68.61,6.0,2.0,3
CC1CNOCC(C)N1,0.46289744039660746,33.29,2.0,1.0,3
CC=CC=C(C=O)N.C=NC1CC1,0.46281680907117606,55.45,5.0,1.0,3
CC=CC1(CONO1)CCCC=C,0.4627040180348061,30.49,6.0,1.0,3
O=C(C1)C1=CC=CC=O,0.4618790059565743,34.14,2.0,1.0,3
CCCN1C(C1)(N)C=O,0.46154306235545345,46.1,5.0,1.0,3
C1CCNC1(C=O)N,0.4612384536842141,55.120000000000005,2.0,1.0,3
CCC1CCOOCC1=O,0.4610815114122445,35.53,2.0,1.0,3
C12C=C=C=C(C)C1(C=O)C=CCC(=O)C=CC=CC2,0.4609322726638154,34.14,2.0,2.0,3
CC1CC(=O)C1.CCC(CC)N,0.4607024720449995,43.09,6.0,1.0,3
C1CCC1=NCNOC,0.46035927727244363,33.620000000000005,4.0,1.0,3
NNC1CC1NOC,0.4599639255464016,59.31,5.0,1.0,3
CC1=C(C=C=C1)N.CC=O,0.45996123746489137,43.09,3.0,1.0,3
CONCC1CC(C)C=C1C=O,0.4598836284611476,38.33,6.0,1.0,3
CCC1C(N)ONC1C=O,0.4598740814334108,64.35,4.0,1.0,3
O=C(C1OC)CC1.C=CC=O,0.45974784343544856,43.370000000000005,3.0,1.0,3
CC=NCN1CCC(=O)C1C=O,0.4591919798197869,49.74,4.0,1.0,3
O=CCC=CC=CN=CN1CCCC2=C1C2,0.45911820352346455,32.67,4.0,2.0,3
C=C1NCNC1.C(C2=CC=CC)=C2C=O,0.4589689703301437,41.129999999999995,3.0,2.0,3
O=C1CC1N=NC,0.4589129344568792,41.79,2.0,1.0,3
C1C=NC1(CCC)N=O,0.45870124476514834,41.79,4.0,1.0,3
C1CC1(N)C=O,0.45850982941573776,43.09,2.0,1.0,3
C1CC(N)(C1)C=O,0.45850925265368414,43.09,2.0,1.0,3
C1CC1CC=CC=C=C=C(C=O)C=O,0.45832496560388003,34.14,5.0,1.0,3
C1NOCC=CC=C(C1CCC=O)CC=C=O,0.45821884685493675,55.4,5.0,1.0,3
C1CONCC1CC=O,0.4581786280705092,38.33,2.0,1.0,3
CNNC(N)C(C1)C=N1,0.45734474294171756,62.44,5.0,1.0,3
C1C=NCCS(=O)(CC=O)=CC(C)(C)C=CC(=O)CCCC#CC1,0.45732774535415815,63.57,4.0,1.0,3
C1CCNCO1.CCCN2CC2=O,0.4563192859241449,41.339999999999996,3.0,2.0,3
COC(CC1)C1=O.O=C2CC=CC=C2,0.45567228424454426,43.370000000000005,2.0,2.0,3
C[C@H1]OC(=O)C=O.C(C1)=C1,0.45564426373838285,43.370000000000005,3.0,1.0,3
C=1C(OON=1)CC=O,0.45540331898801123,47.89,2.0,1.0,3
NCNCC(CC1)C1=O,0.4552833685560907,55.12,4.0,1.0,3
CC=CC=C1C=C(C=O)C1CC2NC2C,0.4545360908891796,39.010000000000005,6.0,2.0,3
C1CCN1CCON,0.45421414503897545,38.49,4.0,1.0,3
C1=CC(C=C=C1N=O)C=CN=CC(=C)C2(C)NCC2C#C,0.4541345425443637,53.82,6.0,2.0,3
C1ONCC1(C)N=O,0.45387012767170953,50.69,2.0,1.0,3
CCC1ONCNC1C,0.4538672180724514,33.29,3.0,1.0,3
CCOC1CCC=C1CC#N,0.4538504765701955,33.019999999999996,4.0,1.0,3
CC1(CCC1N)C=O,0.45370244660814574,43.09,3.0,1.0,3
C1CC=C1CN2NC2C=O,0.4536998014523337,42.02,3.0,2.0,3
CN1CCC(=O)C1C=CC=O,0.4532264421706905,37.38,3.0,1.0,3
CC1C(CCN1)CN,0.45260672214679654,38.05,3.0,1.0,3
CNN1CC1(C)N,0.4523851843210443,41.06,4.0,1.0,3
O=CCC1CCNC1C2=CC2(C)CN,0.45210167581284477,55.120000000000005,6.0,2.0,3
C1CC(C=CC1)(C=O)C2=CC=CC=C2C=O,0.45190992741643404,34.14,3.0,2.0,3
C12OOC1CC2C(N)(C)CC,0.45180924979492515,44.480000000000004,5.0,2.0,3
CNCC12C=CC=CC2(C=O)CN=C1,0.4510702687681399,41.46,4.0,2.0,3
CS(C=CC1)=CNNCC1(CC=O)C2CC=CCC2C=O,0.4507771501117145,58.199999999999996,5.0,2.0,3
O=CCC=CC1N=CCC=C1C=O,0.4507543627968522,46.5,4.0,1.0,3
C1C=NC(C=CCC(C1=O)C=O)CC=C,0.45072105098460213,46.5,3.0,1.0,3
CN1CC1C(CC)ON,0.45058565574388226,38.26,6.0,1.0,3
NC1CN(N)N1OC,0.4504975808076694,67.75,4.0,1.0,3
CN=C=CC=CC=C1COCCCC2C1C(C)=N2,0.45007411082058973,33.95,4.0,2.0,3
CC1C(N)CCNC1C,0.4498139734302571,38.05,3.0,1.0,3
O=CCC=1CC=1C=O,0.44886916872043026,34.14,3.0,1.0,3
NCCCCC(=N1)C1,0.44885244070883884,38.379999999999995,5.0,1.0,3
CC1=CC=NC1CCN,0.44876198097806236,38.379999999999995,4.0,1.0,3
CC(C1)C1NNC.C=O,0.44859345404395673,41.129999999999995,4.0,1.0,3
C1C(C)C(=O)C1C=O,0.4479807827664712,34.14,2.0,1.0,3
C1=NC1NCC(=O)CC=CC=C,0.4478561885365675,41.46,6.0,1.0,3
C1COC1C.CC=CCC2NC=CC2CN,0.4475681383321054,47.28,6.0,2.0,3
O=C(C1)OCOC1CN.C=C=C,0.44664561106791134,61.55,2.0,1.0,3
C=C=CC1=NC1CN,0.4465255754643702,38.379999999999995,3.0,1.0,3
CC1(C)ONCNCN1,0.44642344471711537,45.32,2.0,1.0,3
C1CC(=C)C=NC1ON,0.4460057690610193,47.61,2.0,1.0,3
C1N=CN(C)CC1.CN=C=CN2CC=CC=C2,0.4459781381195655,31.2,3.0,2.0,3
CC1(C)ONO1,0.44595868635079994,30.49,2.0,1.0,3
C1C(C)CC(=O)C1C=O,0.44540876527414003,34.14,2.0,1.0,3
C1C(C)(C1C=O)NN2CC2CC,0.44512882070603077,32.11,6.0,2.0,3
CC1C(=O)CC=C1C=O,0.44462161828029945,34.14,2.0,1.0,3
O=C(C)CNC1NC1C=O,0.44460477602068393,68.11000000000001,5.0,1.0,3
CNCN1CCC1C=O,0.44407705996513197,32.34,4.0,1.0,3
C1=CC1ON,0.4439657898296991,35.25,2.0,1.0,3
O=CCNN1CC1,0.44383109281523936,32.11,3.0,1.0,3
CCOCC=O.C(=O)C=C1CC1,0.443720754550206,43.370000000000005,5.0,1.0,3
O=CCN1C=NC=NCCO1,0.4427364325126518,54.260000000000005,2.0,1.0,3
C=C1CCC=C1CCC(=O)CC=O,0.44270126075613,34.14,5.0,1.0,3
CCC1C=C(C)OCN1.CCCC=O,0.4424147498247276,38.33,6.0,1.0,3
CNCCCC(N1)C1,0.44234099028111395,33.97,5.0,1.0,3
CCC=NCC1=NC1N,0.44233516059970523,50.739999999999995,5.0,1.0,3
CC1CC1=CCNCN,0.44227332244442347,38.05,5.0,1.0,3
N12C=C1CCC2=O.C=CCCCN=C=O,0.44217097434990105,49.51,4.0,2.0,3
CC(=O)C(C=O)CCC(C1)C#C1,0.44206313098669603,34.14,6.0,1.0,3
C1CC1CNCN,0.44197221368766304,38.05,4.0,1.0,3
NC1CC(C)=CN=C1,0.4419348126978375,38.379999999999995,2.0,1.0,3
O=CCN1CCCC=N1,0.441833390734799,32.67,2.0,1.0,3
C=1C=C=1.C2(=O)NCC2OC,0.44175378160716944,38.33,2.0,2.0,3
O=CC=CCN1CN1,0.4416889234324346,42.019999999999996,3.0,1.0,3
N1=CCC1=NCN,0.44137271016639845,50.739999999999995,2.0,1.0,3
C1OCNCC1.CCCNCCC2CC2,0.4411948524541403,33.29,6.0,2.0,3
CC=C(CN(NNCC#CC1N=C)CC#C1)C,0.4411347041126492,39.66,5.0,1.0,3
NCOOCCC1NC1,0.44111988862141993,66.42,6.0,1.0,3
O=CC=CC1CCC1=O,0.441091199542169,34.14,2.0,1.0,3
O=C=CCC1CC1CN=C=CC=CC=O,0.440922183415582,46.5,6.0,1.0,3
N1CNC1C=CC=CC=O,0.44089968663913165,41.129999999999995,3.0,1.0,3
C1CC=COOC=C1CCN=CC,0.44052184570950126,30.82,4.0,1.0,3
O=CCCCC1CC1=O,0.4400387689546934,34.14,4.0,1.0,3
N1C(C)C1C=O,0.43989401358909674,39.010000000000005,2.0,1.0,3
C1COC=C1CCC=O.CNCC,0.439838235631137,38.33,6.0,1.0,3
CC1CNC(N)C1,0.43964460919221937,38.05,2.0,1.0,3
C12CCC1CC2=O.CCC=O,0.43948083193695087,34.14,2.0,2.0,3
NC1C(C)CCN1,0.43942796827703007,38.05,2.0,1.0,3
CC1C(=O)CC1CC=O,0.4392080746953,34.14,3.0,1.0,3
O=CC(C1)C1.CCCNCC2CCCC2=O,0.438593986769763,46.17,6.0,2.0,3
C1NNCNC1C=CCCN=O,0.43855088796399105,65.52,4.0,1.0,3
NCN1CCC=CC1N,0.4385021348600406,55.28,3.0,1.0,3
CNC1CCCC1C#N,0.4378888957066794,35.82,2.0,1.0,3
O=CCC1C2CNCC12C#N,0.4370414192305828,52.89,2.0,2.0,3
CN1C(N)C1NC,0.43678200158660846,41.06,4.0,1.0,3
CCC(O1)N1,0.4363770410142053,34.47,2.0,1.0,3
CCCC1NO1,0.43636596804679706,34.47,3.0,1.0,3
O=C1CCC(C1)CC=O,0.4361032570861616,34.14,2.0,1.0,3
O=C(CC1)CC1CCC.CCCC=O,0.43610143328633133,34.14,6.0,1.0,3
C1C=NOCC1N.CCC=O,0.43551234946916395,64.68,3.0,1.0,3
O=CCNC1CCC2CC2N1,0.43525929865894536,41.13,3.0,2.0,3
N1=CN1CCC(C)C=O,0.4350662387266413,32.44,5.0,1.0,3
CC1CCC=CC2C1=C2.OCNC=O,0.43506094808177026,49.33,3.0,2.0,3
CC=NCNC(=O)C.CCN(CCO1)O1,0.434252464031359,63.160000000000004,6.0,1.0,3
O=CCCC1CN1,0.4337437740222959,39.010000000000005,3.0,1.0,3
N1CC1CCC=O,0.4337437740222959,39.010000000000005,3.0,1.0,3
CCC1OC=CCC1C=O.C=O,0.4336808980943092,43.370000000000005,3.0,1.0,3
O=C(C)CC=C=NC1C=CC2CN21,0.4334271796739708,32.44,4.0,2.0,3
C1[C@H1](CC=O)N1,0.43332682687853724,39.010000000000005,2.0,1.0,3
C1CCNC1(C)CC#N,0.433264843516261,35.82,2.0,1.0,3
COCCNCC=O.C1(CC1)=O,0.4329441760759313,55.4,6.0,1.0,3
CC1C(C)NCCN=N1,0.43278344985958883,36.75,2.0,1.0,3
CCC1CC1=NCN,0.4325064169591432,38.379999999999995,4.0,1.0,3
C1NC1(N)C=NC,0.4322517354943328,60.32,3.0,1.0,3
CC1NC1CCCC=O,0.4312846734116925,39.010000000000005,5.0,1.0,3
C1CC1=O.C=CC=C2C=C2C=O,0.4311634434409388,34.14,2.0,2.0,3
CC(=O)CC1NC2NC12,0.43092017216980527,51.040000000000006,3.0,2.0,3
OCCCNC1=NO1.C,0.4306743028507343,57.15,4.0,1.0,3
CC=CC1=CC(C=O)C1C=O,0.43066497017175276,34.14,4.0,1.0,3
O=C=CC1C2CCCC21C=O,0.4293046546486766,34.14,2.0,2.0,3
CN1CC(CNC1)C=O,0.42868410573568305,32.34,2.0,1.0,3
C1C2NC21CCC#N,0.4281374927743926,45.730000000000004,2.0,2.0,3
C1C2C1(C)C2=C=O.C=CC(C)CC=O,0.42732858210291325,34.14,5.0,2.0,3
O=CCCN1CNCC1,0.42687944880920126,32.34,3.0,1.0,3
O=CCC(C1)C1C.C=O,0.42687423879019293,34.14,3.0,1.0,3
O=CC(C1)C1C=O,0.42636604424913305,34.14,2.0,1.0,3
O=CC1CC1C=O,0.42636604424913305,34.14,2.0,1.0,3
C1CC(C=O)CC1CC=O,0.4259703593135152,34.14,3.0,1.0,3
C1OCCCC1C=O.CCCN=C,0.4258271453724084,38.66,4.0,1.0,3
C1OCCNCC1C=NC.O=CCCC=C,0.42570464789160084,50.69,5.0,1.0,3
O=CCC1CN1CCCC=O,0.42450365349469266,37.15,6.0,1.0,3
O=CCCN1CC=CC=CO1.CCC=O,0.4243116188343918,46.61,5.0,1.0,3
C1CC1CN=N,0.4229263014615986,36.21,2.0,1.0,3
C1NC1C.CCCCN2OCN(C)C2=O,0.4227166700703791,54.72,6.0,2.0,3
NN1C=NC1CC,0.4204303544778156,41.62,3.0,1.0,3
CCC1CNNN1NN,0.41926660002413085,65.35,4.0,1.0,3
C=C=O.C(=O)C1C=C1C=O,0.4183759282719933,51.21,2.0,1.0,3
CC=O.O(C)OCC1CC1=O,0.4156678372944704,52.6,5.0,1.0,3
O=CC1COC2=NC1ON2.CCCCC=C,0.41472385362126984,59.92,5.0,2.0,3
CC(CCCN)C=C=O.C1(=O)CCCC1=C,0.41438482413266947,60.160000000000004,6.0,1.0,3
NNCCC1CC1,0.41236520158741174,38.05,4.0,1.0,3
CN1C=CC1=C.NCCC=O,0.4118960267636875,46.330000000000005,4.0,1.0,3
CC1C=N1.CCCC(=O)NC(=C)C=CC#C,0.40811189760156985,41.46,6.0,1.0,3
NN1CCC(C1)CC#N,0.40636405295202704,53.05,2.0,1.0,3
CC(C=C1)CON1N,0.40420571061566224,38.49,2.0,1.0,3
CC1OC1=NNC(=O)NCC.CCC,0.4004275420817982,66.02,6.0,1.0,3
C1=CCC1.C=CCCCC2NC2=O,0.39977912574792096,39.010000000000005,4.0,2.0,3
C1C[C@@H1]1C=C.CCN2CN=CC2=C=O,0.39945213354783027,32.67,3.0,2.0,3
COCCCOC1=CC=CO1.C=CC#C,0.3989801106981544,31.6,6.0,1.0,3
N1COC=CCC=C=C(O)N1.CC=C,0.39884856301045457,53.519999999999996,2.0,1.0,3
C1C(C)(NN2N)C12,0.398298440331573,41.29,2.0,2.0,3
OC=1CC=1C=O.CCCC=C,0.39567968818946625,37.3,5.0,1.0,3
CCOC(C)=CC=C.N1=CC(C)N1,0.3948950159992457,33.620000000000005,6.0,1.0,3
CC=NC(C=O)C.CC=C1CC1=C=C=N,0.39486593009980586,53.28,5.0,1.0,3
C1OC1C.O=CC2CCCNC2CCC,0.39141617523373223,41.63,5.0,2.0,3
CCC=COCC.ONC(=O)N1C=C1,0.3904247446461821,61.56999999999999,6.0,1.0,3
C1CCC=CC=CC1.CC(N)CC(C)=O,0.3894673011632165,43.09,5.0,1.0,3
O1C(C)(CC=C)C1.CCC(=O)C=O,0.3868338310189485,46.67,6.0,1.0,3
CC1C=NCC1=CN=NCCCC,0.37842472020644385,37.08,6.0,1.0,3
C12=CC1C=N2.CCCC(=O)C=O,0.3748268051676282,46.5,4.0,2.0,3
CC=COC1OCC=C=N1.CCC,0.37401053768684245,30.82,5.0,1.0,3
C1C2CC21NON,0.3739433460859379,47.28,3.0,2.0,3
C1OC1C(=O)C.CCCCN=C=O,0.3717545809072471,59.03,6.0,1.0,3
CC1(C)NON1,0.36953797565414426,33.29,2.0,1.0,3
C1C(C)C(C1C)C=C.C(=C)(CNCC2)N=N2,0.3664823681660873,36.75,3.0,2.0,3
O=COC1C=CCC=CO1.CCC,0.36156007982559213,35.53,3.0,1.0,3
C1CCC1(N)N=CO.CCC,0.3598125124257896,58.61,4.0,1.0,3
C=C(OC=CO)O.CC(C)(C1CC12)C2,0.35610109157350855,49.69,6.0,2.0,3
O=CC=C1N=C1C.C(=C)N=C=O,0.3555464415802883,58.86,3.0,1.0,3
NC1=CC(C)C=C1O.CC2CCCC2C,0.35544834349994964,46.25,5.0,2.0,3
O=C=CC1CC1(C)C#N,0.3537223446089691,40.86,2.0,1.0,3
CCCC(=NC=O)O.C1CC2CC21,0.34437313867540287,49.66,3.0,2.0,3
CN1CCCN1CC#N,0.3443051296011172,30.27,2.0,1.0,3
C1CNCC=CNC1NO.CCCCC=C,0.3406894123163072,56.31999999999999,6.0,1.0,3
C1CCC1N=NOONC,0.33973919588953116,55.21000000000001,5.0,1.0,3
C1C=C(CNC1C)OO.CCC,0.3351799138532179,41.489999999999995,5.0,1.0,3
O=C1CCN1N=C=C.CCCC2CCCC=C2,0.33287511058213304,32.67,4.0,2.0,3
CCC1=CC=NCN1C=O.CCC=CC#C,0.3302316967189352,32.67,4.0,1.0,3
C12C(C)N1C2C.CCCCC=NC=O,0.32643939673038225,32.44,6.0,2.0,3
CN(O)CN=NC=C.CC1C=C1,0.31922028891696125,48.19,6.0,1.0,3
O1CC2N1C2O.CCC=C,0.3155221502893931,32.47,3.0,2.0,3
O=CC1COC1O.C=CC2=CC2C,0.31217038609977876,46.53,4.0,2.0,3
C=CC1=CC(=NC1)NO.CCCC,0.3110253501083977,44.620000000000005,5.0,1.0,3
CCC(=O)NCOC=N.CC=C1CC1C,0.3099446857888025,62.18,6.0,1.0,3
O1C=NOCN1C=C=NOC=C.CC2CC2C,0.3079328943340734,55.650000000000006,5.0,2.0,3
O=CNC1CCC1C=O.CC2CC(=C)CC2,0.30671118885469717,46.17,3.0,2.0,3
N1=C=CC=C1C=NN=C2CC2C#CCCC,0.29831495346077164,37.08,4.0,2.0,3
CCNNN=O.CC=C1CC1C,0.29690845316323156,53.49,6.0,1.0,3
N=COC1NC=CCCNC1.CC=CCCCC=C,0.29350635540589365,57.14,6.0,1.0,3
C1COC2CN=NN12.C#CC=CCC,0.2836243576748975,37.190000000000005,2.0,2.0,3
O1C(O)CO1.CCC,0.2807717223743474,38.69,3.0,1.0,3
CCNCNN=CCC#C.C=C(C1)C=C1,0.28038012044503724,36.42,6.0,1.0,3
OCC1CNCCC1=C.CCCCC(C2)C2,0.27545002458599416,32.26,6.0,2.0,3
N1=COCCC1C=O.C=C(C)C,0.2700051292586333,38.66,3.0,1.0,3
N1=CCCONCNC=CC1.C=CC2=C=C2C,0.26836710964904786,45.65,2.0,2.0,3
C1NOC=N1.CCCC,0.2627437349361555,33.62,3.0,1.0,3
NC=CCNC=O.C(C1)CC1,0.2601762038186371,55.12,3.0,1.0,3
N=C(OC)CC1CC1C=O.CC,0.258984701500544,50.15,5.0,1.0,3
CN=COCC=O.CCC(CCC1)=C1,0.25460676858816117,38.66,5.0,1.0,3
O=CC1=C=C1C=N.CCCCC,0.25234811868966467,40.92,6.0,1.0,3
C=C=C1OCNC1OC.CC,0.25161214825760864,30.49,3.0,1.0,3
C1OCONC1N.CCCC,0.2319374048080517,56.510000000000005,4.0,1.0,3
CC(C1C)(ON)C1.C,0.228521697413754,35.25,4.0,1.0,3
NC1=COC=C1.CC,0.22458656255326653,39.16,2.0,1.0,3
CCC1NCCN1CCC=O.C,0.20136465244295387,32.34,5.0,1.0,3
NC1CC2OCC12.CCCCCC,0.1840563047578968,35.25,6.0,2.0,3
