Name,smiles,MolecularWeight
Fc1ccc(B(c2ccc(F)cc2)c2ccc(Cl)cc2)cc1,[B](c1ccc(F)cc1)(c1ccc(F)cc1)(c1ccc(Cl)cc1),312.56
N#Cc1cccc(B(c2ccc(F)cc2)c2ccccc2F)c1,[B](c1ccc(F)cc1)(c1cc(C#N)ccc1)(c1ccccc1F),303.12
N#Cc1cccc(B(c2ccc(Cl)cc2)c2ccc(CCl)cc2)c1,[B](c1ccc(Cl)cc1)(c1cc(C#N)ccc1)(c1ccc(CCl)cc1),350.06
Fc1ccccc1B(c1ccccc1F)c1ccccc1F,[B](c1ccccc1F)(c1ccccc1F)(c1ccccc1F),296.1
O=C(O)c1ccc(B(c2ccccc2)c2ccccc2F)cc1,[B](c1ccccc1)(c1ccc(C(=O)O)cc1)(c1ccccc1F),304.13
Cc1ccc(B(c2cc(C)ccc2C)c2cc(C)ccc2C)cc1,[B](c1ccc(C)cc1)(c1cc(C)ccc1C)(c1cc(C)ccc1C),312.27
Cc1ccc(B(c2ccc(F)cc2)c2ccc(CCl)cc2)cc1,[B](c1ccc(F)cc1)(c1ccc(C)cc1)(c1ccc(CCl)cc1),322.62
N#Cc1cccc(B(c2ccc(CCl)cc2)c2ccc(CCl)cc2)c1,[B](c1cc(C#N)ccc1)(c1ccc(CCl)cc1)(c1ccc(CCl)cc1),364.08
N#Cc1cccc(B(c2ccc(C(=O)O)cc2)c2ccc(C(=O)O)cc2)c1,[B](c1cc(C#N)ccc1)(c1ccc(C(=O)O)cc1)(c1ccc(C(=O)O)cc1),355.16
Cc1ccc(C)c(B(c2ccc(Cl)cc2)c2ccccc2F)c1,[B](c1ccc(Cl)cc1)(c1cc(C)ccc1C)(c1ccccc1F),322.62
Fc1ccccc1B(c1ccc(CCl)cc1)c1ccccc1F,[B](c1ccccc1F)(c1ccccc1F)(c1ccc(CCl)cc1),326.58
Fc1ccc(B(c2ccc(CCl)cc2)c2ccc(CCl)cc2)cc1,[B](c1ccc(F)cc1)(c1ccc(CCl)cc1)(c1ccc(CCl)cc1),357.06
Cc1ccc(C)c(B(c2ccc(F)cc2)c2cc(C)ccc2C)c1,[B](c1ccc(F)cc1)(c1cc(C)ccc1C)(c1cc(C)ccc1C),316.23
N#Cc1cccc(B(c2ccc(F)cc2)c2ccc(CCl)cc2)c1,[B](c1ccc(F)cc1)(c1cc(C#N)ccc1)(c1ccc(CCl)cc1),333.6
ClCc1ccc(B(c2ccccc2)c2ccc(Cl)cc2)cc1,[B](c1ccccc1)(c1ccc(Cl)cc1)(c1ccc(CCl)cc1),325.05
Fc1ccccc1B(c1ccccc1)c1ccc(CCl)cc1,[B](c1ccccc1)(c1ccccc1F)(c1ccc(CCl)cc1),308.59
Fc1ccc(B(c2ccc(CCl)cc2)c2ccccc2F)cc1,[B](c1ccc(F)cc1)(c1ccccc1F)(c1ccc(CCl)cc1),326.58
O=C(O)c1ccc(B(c2ccc(F)cc2)c2ccc(F)cc2)cc1,[B](c1ccc(F)cc1)(c1ccc(F)cc1)(c1ccc(C(=O)O)cc1),322.12
Cc1ccc(C)c(B(c2ccc(C(=O)O)cc2)c2cccc(C#N)c2)c1,[B](c1cc(C)ccc1C)(c1cc(C#N)ccc1)(c1ccc(C(=O)O)cc1),339.2
Cc1ccc(B(c2ccc(C(=O)O)cc2)c2cccc(C#N)c2)cc1,[B](c1ccc(C)cc1)(c1cc(C#N)ccc1)(c1ccc(C(=O)O)cc1),325.18
ClCc1ccc(B(c2ccc(CCl)cc2)c2ccc(CCl)cc2)cc1,[B](c1ccc(CCl)cc1)(c1ccc(CCl)cc1)(c1ccc(CCl)cc1),387.55
Clc1ccc(B(c2ccccc2)c2ccccc2)cc1,[B](c1ccccc1)(c1ccccc1)(c1ccc(Cl)cc1),276.57
Fc1ccc(B(c2ccccc2)c2ccc(Cl)cc2)cc1,[B](c1ccccc1)(c1ccc(F)cc1)(c1ccc(Cl)cc1),294.56
Cc1ccc(B(c2ccc(Cl)cc2)c2ccc(C(=O)O)cc2)cc1,[B](c1ccc(Cl)cc1)(c1ccc(C)cc1)(c1ccc(C(=O)O)cc1),334.61
Cc1ccc(B(c2cccc(C#N)c2)c2cc(C)ccc2C)cc1,[B](c1ccc(C)cc1)(c1cc(C)ccc1C)(c1cc(C#N)ccc1),309.22
Cc1ccc(B(c2ccccc2F)c2ccccc2F)cc1,[B](c1ccc(C)cc1)(c1ccccc1F)(c1ccccc1F),292.14
Fc1ccc(B(c2ccccc2)c2ccc(F)cc2)cc1,[B](c1ccccc1)(c1ccc(F)cc1)(c1ccc(F)cc1),278.11
Cc1ccc(C)c(B(c2ccc(Cl)cc2)c2cccc(C#N)c2)c1,[B](c1ccc(Cl)cc1)(c1cc(C)ccc1C)(c1cc(C#N)ccc1),329.64
N#Cc1cccc(B(c2ccc(Cl)cc2)c2cccc(C#N)c2)c1,[B](c1ccc(Cl)cc1)(c1cc(C#N)ccc1)(c1cc(C#N)ccc1),326.6
Fc1ccc(B(c2ccccc2)c2ccc(CCl)cc2)cc1,[B](c1ccccc1)(c1ccc(F)cc1)(c1ccc(CCl)cc1),308.59
Cc1ccc(B(c2ccc(C)cc2)c2ccc(F)cc2)cc1,[B](c1ccc(F)cc1)(c1ccc(C)cc1)(c1ccc(C)cc1),288.17
Cc1ccc(C)c(B(c2ccc(CCl)cc2)c2cccc(C#N)c2)c1,[B](c1cc(C)ccc1C)(c1cc(C#N)ccc1)(c1ccc(CCl)cc1),343.67
Fc1ccc(B(c2ccc(Cl)cc2)c2ccc(Cl)cc2)cc1,[B](c1ccc(F)cc1)(c1ccc(Cl)cc1)(c1ccc(Cl)cc1),329.01
Fc1ccc(B(c2ccccc2F)c2ccccc2F)cc1,[B](c1ccc(F)cc1)(c1ccccc1F)(c1ccccc1F),296.1
O=C(O)c1ccc(B(c2ccc(Cl)cc2)c2ccc(C(=O)O)cc2)cc1,[B](c1ccc(Cl)cc1)(c1ccc(C(=O)O)cc1)(c1ccc(C(=O)O)cc1),364.59
N#Cc1cccc(B(c2ccc(C(=O)O)cc2)c2cccc(C#N)c2)c1,[B](c1cc(C#N)ccc1)(c1cc(C#N)ccc1)(c1ccc(C(=O)O)cc1),336.16
Cc1ccc(C)c(B(c2cccc(C#N)c2)c2ccccc2F)c1,[B](c1cc(C)ccc1C)(c1cc(C#N)ccc1)(c1ccccc1F),313.18
Cc1ccc(B(c2cccc(C#N)c2)c2cccc(C#N)c2)cc1,[B](c1ccc(C)cc1)(c1cc(C#N)ccc1)(c1cc(C#N)ccc1),306.18
Cc1ccc(B(c2ccc(C)cc2)c2ccc(C)cc2)cc1,[B](c1ccc(C)cc1)(c1ccc(C)cc1)(c1ccc(C)cc1),284.21
O=C(O)c1ccc(B(c2ccccc2)c2ccc(Cl)cc2)cc1,[B](c1ccccc1)(c1ccc(Cl)cc1)(c1ccc(C(=O)O)cc1),320.58
Cc1ccc(B(c2ccc(C)cc2)c2ccc(Cl)cc2)cc1,[B](c1ccc(Cl)cc1)(c1ccc(C)cc1)(c1ccc(C)cc1),304.63
Fc1ccccc1B(c1ccc(Cl)cc1)c1ccccc1F,[B](c1ccc(Cl)cc1)(c1ccccc1F)(c1ccccc1F),312.56
Cc1ccc(B(c2ccc(Cl)cc2)c2cc(C)ccc2C)cc1,[B](c1ccc(Cl)cc1)(c1ccc(C)cc1)(c1cc(C)ccc1C),318.66
N#Cc1cccc(B(c2ccc(F)cc2)c2ccc(F)cc2)c1,[B](c1ccc(F)cc1)(c1ccc(F)cc1)(c1cc(C#N)ccc1),303.12
Cc1ccc(C)c(B(c2ccccc2)c2ccccc2F)c1,[B](c1ccccc1)(c1cc(C)ccc1C)(c1ccccc1F),288.17
Cc1ccc(B(c2ccccc2)c2ccc(Cl)cc2)cc1,[B](c1ccccc1)(c1ccc(Cl)cc1)(c1ccc(C)cc1),290.6
Cc1ccc(C)c(B(c2ccccc2)c2ccc(C(=O)O)cc2)c1,[B](c1ccccc1)(c1cc(C)ccc1C)(c1ccc(C(=O)O)cc1),314.19
O=C(O)c1ccc(B(c2ccccc2)c2ccc(CCl)cc2)cc1,[B](c1ccccc1)(c1ccc(C(=O)O)cc1)(c1ccc(CCl)cc1),334.61
Cc1ccc(B(c2ccccc2)c2ccc(CCl)cc2)cc1,[B](c1ccccc1)(c1ccc(C)cc1)(c1ccc(CCl)cc1),304.63
Cc1ccc(C)c(B(c2ccccc2)c2ccc(F)cc2)c1,[B](c1ccccc1)(c1ccc(F)cc1)(c1cc(C)ccc1C),288.17
Fc1ccc(B(c2ccc(F)cc2)c2ccc(F)cc2)cc1,[B](c1ccc(F)cc1)(c1ccc(F)cc1)(c1ccc(F)cc1),296.1
N#Cc1cccc(B(c2ccccc2)c2cccc(C#N)c2)c1,[B](c1ccccc1)(c1cc(C#N)ccc1)(c1cc(C#N)ccc1),292.15
N#Cc1cccc(B(c2ccccc2)c2ccccc2F)c1,[B](c1ccccc1)(c1cc(C#N)ccc1)(c1ccccc1F),285.13
O=C(O)c1ccc(B(c2ccc(CCl)cc2)c2ccc(CCl)cc2)cc1,[B](c1ccc(C(=O)O)cc1)(c1ccc(CCl)cc1)(c1ccc(CCl)cc1),383.08
O=C(O)c1ccc(B(c2ccccc2)c2ccccc2)cc1,[B](c1ccccc1)(c1ccccc1)(c1ccc(C(=O)O)cc1),286.14
ClCc1ccc(B(c2ccc(Cl)cc2)c2ccc(Cl)cc2)cc1,[B](c1ccc(Cl)cc1)(c1ccc(Cl)cc1)(c1ccc(CCl)cc1),359.49
Cc1ccc(C)c(B(c2ccc(Cl)cc2)c2ccc(CCl)cc2)c1,[B](c1ccc(Cl)cc1)(c1cc(C)ccc1C)(c1ccc(CCl)cc1),353.1
O=C(O)c1ccc(B(c2ccc(Cl)cc2)c2ccc(Cl)cc2)cc1,[B](c1ccc(Cl)cc1)(c1ccc(Cl)cc1)(c1ccc(C(=O)O)cc1),355.03
Cc1ccc(C)c(B(c2ccc(CCl)cc2)c2ccccc2F)c1,[B](c1cc(C)ccc1C)(c1ccccc1F)(c1ccc(CCl)cc1),336.65
Cc1ccc(C)c(B(c2cc(C)ccc2C)c2cc(C)ccc2C)c1,[B](c1cc(C)ccc1C)(c1cc(C)ccc1C)(c1cc(C)ccc1C),326.29
N#Cc1cccc(B(c2ccc(C(=O)O)cc2)c2ccccc2F)c1,[B](c1cc(C#N)ccc1)(c1ccc(C(=O)O)cc1)(c1ccccc1F),329.14
Fc1ccc(B(c2ccccc2)c2ccccc2F)cc1,[B](c1ccccc1)(c1ccc(F)cc1)(c1ccccc1F),278.11
N#Cc1cccc(B(c2ccccc2)c2ccc(F)cc2)c1,[B](c1ccccc1)(c1ccc(F)cc1)(c1cc(C#N)ccc1),285.13
Fc1ccc(B(c2ccc(F)cc2)c2ccc(CCl)cc2)cc1,[B](c1ccc(F)cc1)(c1ccc(F)cc1)(c1ccc(CCl)cc1),326.58
Cc1ccc(B(c2ccc(CCl)cc2)c2cc(C)ccc2C)cc1,[B](c1ccc(C)cc1)(c1cc(C)ccc1C)(c1ccc(CCl)cc1),332.68
N#Cc1cccc(B(c2ccc(CCl)cc2)c2ccc(C(=O)O)cc2)c1,[B](c1cc(C#N)ccc1)(c1ccc(C(=O)O)cc1)(c1ccc(CCl)cc1),359.62
Cc1ccc(C)c(B(c2ccccc2)c2cccc(C#N)c2)c1,[B](c1ccccc1)(c1cc(C)ccc1C)(c1cc(C#N)ccc1),295.19
Cc1ccc(C)c(B(c2ccc(C(=O)O)cc2)c2cc(C)ccc2C)c1,[B](c1cc(C)ccc1C)(c1cc(C)ccc1C)(c1ccc(C(=O)O)cc1),342.25
Cc1ccc(B(c2ccc(C(=O)O)cc2)c2ccccc2F)cc1,[B](c1ccc(C)cc1)(c1ccc(C(=O)O)cc1)(c1ccccc1F),318.16
Cc1ccc(B(c2ccc(C)cc2)c2ccc(CCl)cc2)cc1,[B](c1ccc(C)cc1)(c1ccc(C)cc1)(c1ccc(CCl)cc1),318.66
Fc1ccccc1B(c1ccccc1)c1ccccc1F,[B](c1ccccc1)(c1ccccc1F)(c1ccccc1F),278.11
Cc1ccc(B(c2ccc(F)cc2)c2ccccc2F)cc1,[B](c1ccc(F)cc1)(c1ccc(C)cc1)(c1ccccc1F),292.14
N#Cc1cccc(B(c2ccc(F)cc2)c2ccc(C(=O)O)cc2)c1,[B](c1ccc(F)cc1)(c1cc(C#N)ccc1)(c1ccc(C(=O)O)cc1),329.14
Cc1ccc(B(c2cc(C)ccc2C)c2ccccc2F)cc1,[B](c1ccc(C)cc1)(c1cc(C)ccc1C)(c1ccccc1F),302.2
Cc1ccc(B(c2ccc(Cl)cc2)c2ccccc2F)cc1,[B](c1ccc(Cl)cc1)(c1ccc(C)cc1)(c1ccccc1F),308.59
Cc1ccc(B(c2ccc(C)cc2)c2ccccc2F)cc1,[B](c1ccc(C)cc1)(c1ccc(C)cc1)(c1ccccc1F),288.17
Cc1ccc(B(c2ccc(CCl)cc2)c2ccc(C(=O)O)cc2)cc1,[B](c1ccc(C)cc1)(c1ccc(C(=O)O)cc1)(c1ccc(CCl)cc1),348.64
O=C(O)c1ccc(B(c2ccc(Cl)cc2)c2ccc(CCl)cc2)cc1,[B](c1ccc(Cl)cc1)(c1ccc(C(=O)O)cc1)(c1ccc(CCl)cc1),369.06
O=C(O)c1ccc(B(c2ccc(CCl)cc2)c2ccc(C(=O)O)cc2)cc1,[B](c1ccc(C(=O)O)cc1)(c1ccc(C(=O)O)cc1)(c1ccc(CCl)cc1),378.62
ClCc1ccc(B(c2ccc(Cl)cc2)c2ccc(CCl)cc2)cc1,[B](c1ccc(Cl)cc1)(c1ccc(CCl)cc1)(c1ccc(CCl)cc1),373.52
Cc1ccc(B(c2ccccc2)c2cccc(C#N)c2)cc1,[B](c1ccccc1)(c1ccc(C)cc1)(c1cc(C#N)ccc1),281.17
Cc1ccc(B(c2ccc(F)cc2)c2ccc(Cl)cc2)cc1,[B](c1ccc(F)cc1)(c1ccc(Cl)cc1)(c1ccc(C)cc1),308.59
Fc1ccccc1B(c1ccccc1)c1ccccc1,[B](c1ccccc1)(c1ccccc1)(c1ccccc1F),260.12
Cc1ccc(C)c(B(c2ccc(F)cc2)c2ccc(F)cc2)c1,[B](c1ccc(F)cc1)(c1ccc(F)cc1)(c1cc(C)ccc1C),306.16
N#Cc1cccc(B(c2cccc(C#N)c2)c2ccccc2F)c1,[B](c1cc(C#N)ccc1)(c1cc(C#N)ccc1)(c1ccccc1F),310.14
Cc1ccc(C)c(B(c2ccc(F)cc2)c2ccc(CCl)cc2)c1,[B](c1ccc(F)cc1)(c1cc(C)ccc1C)(c1ccc(CCl)cc1),336.65
N#Cc1cccc(B(c2ccccc2)c2ccc(C(=O)O)cc2)c1,[B](c1ccccc1)(c1cc(C#N)ccc1)(c1ccc(C(=O)O)cc1),311.15
Cc1ccc(B(c2ccc(F)cc2)c2ccc(F)cc2)cc1,[B](c1ccc(F)cc1)(c1ccc(F)cc1)(c1ccc(C)cc1),292.14
O=C(O)c1ccc(B(c2ccc(F)cc2)c2ccccc2F)cc1,[B](c1ccc(F)cc1)(c1ccc(C(=O)O)cc1)(c1ccccc1F),322.12
O=C(O)c1ccc(B(c2ccc(C(=O)O)cc2)c2ccc(C(=O)O)cc2)cc1,[B](c1ccc(C(=O)O)cc1)(c1ccc(C(=O)O)cc1)(c1ccc(C(=O)O)cc1),374.16
Cc1ccc(C)c(B(c2ccc(C(=O)O)cc2)c2ccc(C(=O)O)cc2)c1,[B](c1cc(C)ccc1C)(c1ccc(C(=O)O)cc1)(c1ccc(C(=O)O)cc1),358.2
N#Cc1cccc(B(c2ccccc2)c2ccc(Cl)cc2)c1,[B](c1ccccc1)(c1ccc(Cl)cc1)(c1cc(C#N)ccc1),301.58
N#Cc1cccc(B(c2ccc(F)cc2)c2ccc(Cl)cc2)c1,[B](c1ccc(F)cc1)(c1ccc(Cl)cc1)(c1cc(C#N)ccc1),319.58
Cc1ccc(C)c(B(c2cc(C)ccc2C)c2ccccc2F)c1,[B](c1cc(C)ccc1C)(c1cc(C)ccc1C)(c1ccccc1F),316.23
Cc1ccc(B(c2ccc(CCl)cc2)c2cccc(C#N)c2)cc1,[B](c1ccc(C)cc1)(c1cc(C#N)ccc1)(c1ccc(CCl)cc1),329.64
c1ccc(B(c2ccccc2)c2ccccc2)cc1,[B](c1ccccc1)(c1ccccc1)(c1ccccc1),242.13
Fc1ccccc1B(c1ccc(Cl)cc1)c1ccc(CCl)cc1,[B](c1ccc(Cl)cc1)(c1ccccc1F)(c1ccc(CCl)cc1),343.04
Cc1ccc(B(c2ccc(Cl)cc2)c2ccc(Cl)cc2)cc1,[B](c1ccc(Cl)cc1)(c1ccc(Cl)cc1)(c1ccc(C)cc1),325.05
Fc1ccc(B(c2ccc(Cl)cc2)c2ccc(CCl)cc2)cc1,[B](c1ccc(F)cc1)(c1ccc(Cl)cc1)(c1ccc(CCl)cc1),343.04
Cc1ccc(B(c2ccc(C)cc2)c2ccc(C(=O)O)cc2)cc1,[B](c1ccc(C)cc1)(c1ccc(C)cc1)(c1ccc(C(=O)O)cc1),314.19
Cc1ccc(C)c(B(c2ccccc2)c2cc(C)ccc2C)c1,[B](c1ccccc1)(c1cc(C)ccc1C)(c1cc(C)ccc1C),298.24
Cc1ccc(C)c(B(c2ccc(F)cc2)c2ccc(Cl)cc2)c1,[B](c1ccc(F)cc1)(c1ccc(Cl)cc1)(c1cc(C)ccc1C),322.62
Cc1ccc(C)c(B(c2ccc(Cl)cc2)c2ccc(Cl)cc2)c1,[B](c1ccc(Cl)cc1)(c1ccc(Cl)cc1)(c1cc(C)ccc1C),339.07
Cc1ccc(B(c2ccc(F)cc2)c2cccc(C#N)c2)cc1,[B](c1ccc(F)cc1)(c1ccc(C)cc1)(c1cc(C#N)ccc1),299.16
Cc1ccc(B(c2ccc(F)cc2)c2ccc(C(=O)O)cc2)cc1,[B](c1ccc(F)cc1)(c1ccc(C)cc1)(c1ccc(C(=O)O)cc1),318.16
O=C(O)c1ccc(B(c2ccc(F)cc2)c2ccc(C(=O)O)cc2)cc1,[B](c1ccc(F)cc1)(c1ccc(C(=O)O)cc1)(c1ccc(C(=O)O)cc1),348.14
Cc1ccc(C)c(B(c2ccc(CCl)cc2)c2cc(C)ccc2C)c1,[B](c1cc(C)ccc1C)(c1cc(C)ccc1C)(c1ccc(CCl)cc1),346.71
Clc1ccc(B(c2ccccc2)c2ccc(Cl)cc2)cc1,[B](c1ccccc1)(c1ccc(Cl)cc1)(c1ccc(Cl)cc1),311.02
Cc1ccc(B(c2ccc(CCl)cc2)c2ccc(CCl)cc2)cc1,[B](c1ccc(C)cc1)(c1ccc(CCl)cc1)(c1ccc(CCl)cc1),353.1
N#Cc1cccc(B(c2ccc(CCl)cc2)c2ccccc2F)c1,[B](c1cc(C#N)ccc1)(c1ccccc1F)(c1ccc(CCl)cc1),333.6
O=C(O)c1ccc(B(c2ccc(C(=O)O)cc2)c2ccccc2F)cc1,[B](c1ccc(C(=O)O)cc1)(c1ccc(C(=O)O)cc1)(c1ccccc1F),348.14
Cc1ccc(C)c(B(c2ccc(F)cc2)c2ccccc2F)c1,[B](c1ccc(F)cc1)(c1cc(C)ccc1C)(c1ccccc1F),306.16
Cc1ccc(B(c2ccccc2)c2cc(C)ccc2C)cc1,[B](c1ccccc1)(c1ccc(C)cc1)(c1cc(C)ccc1C),284.21
Cc1ccc(C)c(B(c2ccc(Cl)cc2)c2ccc(C(=O)O)cc2)c1,[B](c1ccc(Cl)cc1)(c1cc(C)ccc1C)(c1ccc(C(=O)O)cc1),348.64
Fc1ccccc1B(c1ccc(CCl)cc1)c1ccc(CCl)cc1,[B](c1ccccc1F)(c1ccc(CCl)cc1)(c1ccc(CCl)cc1),357.06
N#Cc1cccc(B(c2ccccc2)c2ccccc2)c1,[B](c1ccccc1)(c1ccccc1)(c1cc(C#N)ccc1),267.14
Cc1ccc(B(c2cccc(C#N)c2)c2ccccc2F)cc1,[B](c1ccc(C)cc1)(c1cc(C#N)ccc1)(c1ccccc1F),299.16
Cc1ccc(B(c2ccccc2)c2ccc(C(=O)O)cc2)cc1,[B](c1ccccc1)(c1ccc(C)cc1)(c1ccc(C(=O)O)cc1),300.17
N#Cc1cccc(B(c2ccc(CCl)cc2)c2cccc(C#N)c2)c1,[B](c1cc(C#N)ccc1)(c1cc(C#N)ccc1)(c1ccc(CCl)cc1),340.62
Cc1ccc(C)c(B(c2ccccc2)c2ccc(Cl)cc2)c1,[B](c1ccccc1)(c1ccc(Cl)cc1)(c1cc(C)ccc1C),304.63
Fc1ccc(B(c2ccc(Cl)cc2)c2ccccc2F)cc1,[B](c1ccc(F)cc1)(c1ccc(Cl)cc1)(c1ccccc1F),312.56
N#Cc1cccc(B(c2cccc(C#N)c2)c2cccc(C#N)c2)c1,[B](c1cc(C#N)ccc1)(c1cc(C#N)ccc1)(c1cc(C#N)ccc1),317.16
ClCc1ccc(B(c2ccccc2)c2ccccc2)cc1,[B](c1ccccc1)(c1ccccc1)(c1ccc(CCl)cc1),290.6
N#Cc1cccc(B(c2ccc(Cl)cc2)c2ccc(C(=O)O)cc2)c1,[B](c1ccc(Cl)cc1)(c1cc(C#N)ccc1)(c1ccc(C(=O)O)cc1),345.59
Cc1ccc(C)c(B(c2ccc(CCl)cc2)c2ccc(CCl)cc2)c1,[B](c1cc(C)ccc1C)(c1ccc(CCl)cc1)(c1ccc(CCl)cc1),367.13
Cc1ccc(C)c(B(c2ccc(F)cc2)c2ccc(C(=O)O)cc2)c1,[B](c1ccc(F)cc1)(c1cc(C)ccc1C)(c1ccc(C(=O)O)cc1),332.18
N#Cc1cccc(B(c2ccc(Cl)cc2)c2ccccc2F)c1,[B](c1ccc(Cl)cc1)(c1cc(C#N)ccc1)(c1ccccc1F),319.58
Cc1ccc(C)c(B(c2ccccc2)c2ccc(CCl)cc2)c1,[B](c1ccccc1)(c1cc(C)ccc1C)(c1ccc(CCl)cc1),318.66
Cc1ccc(B(c2ccc(CCl)cc2)c2ccccc2F)cc1,[B](c1ccc(C)cc1)(c1ccccc1F)(c1ccc(CCl)cc1),322.62
Cc1ccc(B(c2ccccc2)c2ccc(C)cc2)cc1,[B](c1ccccc1)(c1ccc(C)cc1)(c1ccc(C)cc1),270.18
Cc1ccc(C)c(B(c2cccc(C#N)c2)c2cc(C)ccc2C)c1,[B](c1cc(C)ccc1C)(c1cc(C)ccc1C)(c1cc(C#N)ccc1),323.25
Cc1ccc(B(c2ccc(C(=O)O)cc2)c2cc(C)ccc2C)cc1,[B](c1ccc(C)cc1)(c1cc(C)ccc1C)(c1ccc(C(=O)O)cc1),328.22
Cc1ccc(C)c(B(c2ccc(C(=O)O)cc2)c2ccccc2F)c1,[B](c1cc(C)ccc1C)(c1ccc(C(=O)O)cc1)(c1ccccc1F),332.18
O=C(O)c1ccc(B(c2ccccc2)c2ccc(C(=O)O)cc2)cc1,[B](c1ccccc1)(c1ccc(C(=O)O)cc1)(c1ccc(C(=O)O)cc1),330.15
O=C(O)c1ccc(B(c2ccc(CCl)cc2)c2ccccc2F)cc1,[B](c1ccc(C(=O)O)cc1)(c1ccccc1F)(c1ccc(CCl)cc1),352.6
N#Cc1cccc(B(c2ccccc2F)c2ccccc2F)c1,[B](c1cc(C#N)ccc1)(c1ccccc1F)(c1ccccc1F),303.12
Clc1ccc(B(c2ccc(Cl)cc2)c2ccc(Cl)cc2)cc1,[B](c1ccc(Cl)cc1)(c1ccc(Cl)cc1)(c1ccc(Cl)cc1),345.47
N#Cc1cccc(B(c2ccccc2)c2ccc(CCl)cc2)c1,[B](c1ccccc1)(c1cc(C#N)ccc1)(c1ccc(CCl)cc1),315.61
Cc1ccc(B(c2ccc(C)cc2)c2cccc(C#N)c2)cc1,[B](c1ccc(C)cc1)(c1ccc(C)cc1)(c1cc(C#N)ccc1),295.19
Cc1ccc(B(c2ccc(Cl)cc2)c2ccc(CCl)cc2)cc1,[B](c1ccc(Cl)cc1)(c1ccc(C)cc1)(c1ccc(CCl)cc1),339.07
Cc1ccc(C)c(B(c2ccc(Cl)cc2)c2cc(C)ccc2C)c1,[B](c1ccc(Cl)cc1)(c1cc(C)ccc1C)(c1cc(C)ccc1C),332.68
ClCc1ccc(B(c2ccccc2)c2ccc(CCl)cc2)cc1,[B](c1ccccc1)(c1ccc(CCl)cc1)(c1ccc(CCl)cc1),339.07
Cc1ccc(B(c2ccc(C(=O)O)cc2)c2ccc(C(=O)O)cc2)cc1,[B](c1ccc(C)cc1)(c1ccc(C(=O)O)cc1)(c1ccc(C(=O)O)cc1),344.18
Cc1ccc(B(c2ccc(F)cc2)c2cc(C)ccc2C)cc1,[B](c1ccc(F)cc1)(c1ccc(C)cc1)(c1cc(C)ccc1C),302.2
Fc1ccc(B(c2ccccc2)c2ccccc2)cc1,[B](c1ccccc1)(c1ccccc1)(c1ccc(F)cc1),260.12
Cc1ccc(C)c(B(c2ccc(F)cc2)c2cccc(C#N)c2)c1,[B](c1ccc(F)cc1)(c1cc(C)ccc1C)(c1cc(C#N)ccc1),313.18
Cc1ccc(C)c(B(c2ccccc2)c2ccccc2)c1,[B](c1ccccc1)(c1ccccc1)(c1cc(C)ccc1C),270.18
O=C(O)c1ccc(B(c2ccc(Cl)cc2)c2ccccc2F)cc1,[B](c1ccc(Cl)cc1)(c1ccc(C(=O)O)cc1)(c1ccccc1F),338.57
O=C(O)c1ccc(B(c2ccc(F)cc2)c2ccc(CCl)cc2)cc1,[B](c1ccc(F)cc1)(c1ccc(C(=O)O)cc1)(c1ccc(CCl)cc1),352.6
O=C(O)c1ccc(B(c2ccc(F)cc2)c2ccc(Cl)cc2)cc1,[B](c1ccc(F)cc1)(c1ccc(Cl)cc1)(c1ccc(C(=O)O)cc1),338.57
N#Cc1cccc(B(c2ccc(Cl)cc2)c2ccc(Cl)cc2)c1,[B](c1ccc(Cl)cc1)(c1ccc(Cl)cc1)(c1cc(C#N)ccc1),336.03
Cc1ccc(C)c(B(c2ccccc2F)c2ccccc2F)c1,[B](c1cc(C)ccc1C)(c1ccccc1F)(c1ccccc1F),306.16
Fc1ccccc1B(c1ccc(Cl)cc1)c1ccc(Cl)cc1,[B](c1ccc(Cl)cc1)(c1ccc(Cl)cc1)(c1ccccc1F),329.01
Cc1ccc(B(c2ccccc2)c2ccc(F)cc2)cc1,[B](c1ccccc1)(c1ccc(F)cc1)(c1ccc(C)cc1),274.15
N#Cc1cccc(B(c2ccc(F)cc2)c2cccc(C#N)c2)c1,[B](c1ccc(F)cc1)(c1cc(C#N)ccc1)(c1cc(C#N)ccc1),310.14
O=C(O)c1ccc(B(c2ccccc2F)c2ccccc2F)cc1,[B](c1ccc(C(=O)O)cc1)(c1ccccc1F)(c1ccccc1F),322.12
Cc1ccc(C)c(B(c2cccc(C#N)c2)c2cccc(C#N)c2)c1,[B](c1cc(C)ccc1C)(c1cc(C#N)ccc1)(c1cc(C#N)ccc1),320.2
Cc1ccc(B(c2ccc(C)cc2)c2cc(C)ccc2C)cc1,[B](c1ccc(C)cc1)(c1ccc(C)cc1)(c1cc(C)ccc1C),298.24
Fc1ccccc1B(c1ccccc1)c1ccc(Cl)cc1,[B](c1ccccc1)(c1ccc(Cl)cc1)(c1ccccc1F),294.56
Cc1ccc(B(c2ccccc2)c2ccccc2F)cc1,[B](c1ccccc1)(c1ccc(C)cc1)(c1ccccc1F),274.15
Cc1ccc(B(c2ccccc2)c2ccccc2)cc1,[B](c1ccccc1)(c1ccccc1)(c1ccc(C)cc1),256.16
Cc1ccc(C)c(B(c2ccc(CCl)cc2)c2ccc(C(=O)O)cc2)c1,[B](c1cc(C)ccc1C)(c1ccc(C(=O)O)cc1)(c1ccc(CCl)cc1),362.67
Fc1ccc(B(c2ccc(F)cc2)c2ccccc2F)cc1,[B](c1ccc(F)cc1)(c1ccc(F)cc1)(c1ccccc1F),296.1
O=C(O)c1ccc(B(c2ccccc2)c2ccc(F)cc2)cc1,[B](c1ccccc1)(c1ccc(F)cc1)(c1ccc(C(=O)O)cc1),304.13
Cc1ccc(B(c2ccc(Cl)cc2)c2cccc(C#N)c2)cc1,[B](c1ccc(Cl)cc1)(c1ccc(C)cc1)(c1cc(C#N)ccc1),315.61
